Variables,af,ar,bg,bn,ca,cs,da,de,el,en-GB,en,es-ES,es-MX,es,fa,fi,fr,gu,he,hi,hr,hu,id,it,ja,kn,ko,ml,mr,ms,nb,nl,pa,pl,pt,ro,ru,sk,sr,sv,ta,te,th,tl,tr,uk,ur,vi,zh-Hans,zh-Hant_HK,zh-Hant_TW,Comments
%@ is your %@ verification code.,,,,,,,,Dein %2$@ Bestätigungscode lautet %1$@.,,%@ is your %@ verification code.,%@ is your %@ verification code.,%@ es tu codigo de confirmacion de %@.,%@ es tu codigo de confirmacion de %@.,%@ es tu codigo de confirmacion de %@.,,,%@ est votre code de confirmation pour %@.,,,,,,,Il tuo codice di conferma %2$@ è %1$@.,%@は%@の認証コードです。,,내 %2$@ 승인 코드는 %1$@ 입니다.,,,,,Je %2$@-bevestigingscode is %1$@.,,,Seu código de confirmação do %2$@ é %1$@.,,Ваш код подтверждения в %2$@ - %1$@.,,,,,,,,,,,%@ là mã xác nhận %@ của bạn.,你的 %2$@ 确认码是 %1$@。,你的 %2$@ 確認碼是 %1$@。,你的 %2$@ 確認碼是 %1$@。,SMS message format
"<Response><Say language=\""en-US\"" voice=\""alice\"" loop=\""2\"">Your verification code for %2$@ is, %1$@.</Say></Response>",,,,,,,,"<Response><Say language=""de-DE"" voice=""alice"" loop=""2"">Dein %2$@ Bestätigungscode lautet, %1$@.</Say></Response>",,"<Response><Say language=""en-GB"" voice=""alice"" loop=""2"">Your verification code for %2$@ is, %1$@.</Say></Response>","<Response><Say language=""en-US"" voice=""alice"" loop=""2"">Your verification code for %2$@ is, %1$@.</Say></Response>","<Response><Say language=""es-ES"" voice=""alice"" loop=""2"">Tu codigo de confirmacion de %2$@ es, %1$@.</Say></Response>","<Response><Say language=""es-MX"" voice=""alice"" loop=""2"">Tu codigo de confirmacion de %2$@ es, %1$@.</Say></Response>","<Response><Say language=""es-ES"" voice=""alice"" loop=""2"">Tu codigo de confirmacion de %2$@ es, %1$@.</Say></Response>",,,"<Response><Say language=""fr-FR"" voice=""alice"" loop=""2"">Votre code de confirmation %2$@ est, %1$@.</Say></Response>",,,,,,,"<Response><Say language=""it-IT"" voice=""alice"" loop=""2"">Il tuo codice di conferma %2$@ è, %1$@.</Say></Response>","<Response><Say language=""ja-JP"" voice=""alice"" loop=""2"">%2$@の認証コードは、%1$@、です。</Say></Response>",,"<Response><Say language=""ko-KR"" voice=""alice"" loop=""2"">내 %2$@ 승인 코드는. %1$@. 입니다.</Say></Response>",,,,,"<Response><Say language=""nl-NL"" voice=""alice"" loop=""2"">Je %2$@-bevestigingscode is, %1$@.</Say></Response>",,,"<Response><Say language=""pt-PT"" voice=""alice"" loop=""2"">Seu código de confirmação do %2$@ é, %1$@.</Say></Response>",,"<Response><Say language=""ru-RU"" voice=""alice"" loop=""2"">Ваш код подтверждения в %2$@ - %1$@.</Say></Response>",,,,,,,,,,,,"<Response><Say language=""zh-CN"" voice=""alice"" loop=""2"">你的 %2$@ 确认码是。%1$@。</Say></Response>","<Response><Say language=""zh-HK"" voice=""alice"" loop=""2"">你的 %2$@ 確認碼是。%1$@。</Say></Response>","<Response><Say language=""zh-TW"" voice=""alice"" loop=""2"">你的 %2$@ 確認碼是。%1$@。</Say></Response>",TwiML response for call out
Add phone,,إضافة الهاتف,,,Afegeix telèfon,Přidání telefonu,Tilføj telefonnr.,Telefonnummer hinzufügen,Προσθήκη τηλεφώνου,Add phone,Add phone,,Añadir teléfono,Añadir teléfono,,Lisää puhelin,Ajoutez un téléphone,,הוסף טלפון,फ़ोन जोड़ें,Dodavanje telefonskog broja,Telefonszám megadása,Tambahkan ponsel,Aggiungi numero di telefono,電話番号を追加,,휴대폰 추가,,,Tambah telefon,Legg til telefon,Voeg telefoon toe,,Dodaj telefon,Adicionar celular,Adaugă numărul de telefon,Добавить номер телефона,Pridať telefón,,Lägg till telefon,,,เพิ่มหมายเลขโทรศัพท์,,Telefon ekle,Додати номер телефону,,Thêm điện thoại,添加手机号码,加入電話,加入電話,Title of screen prompting user to enter their phone number.
Back,Terug,رجوع,,ফিরুন,,Zpět,Tilbage,Zurück,Πίσω,Back,Back,Volver,Atrás,Atrás,,Takaisin,Retour,પાછળ,הקודם,वापस जाएँ,Natrag,Vissza,Kembali,Indietro,戻る,,뒤로,മടങ്ങുക,मागे,Undur,Tilbake,Terug,ਪਿਛਲ,,Voltar,Înapoi,Назад,Späť,,Tillbaka,பின்செல்,వెనుకకు,ย้อนกลับ,Back,,,,Quay lại,返回,返回,返回,
Begin,Begin,بدء,,আরম্ভ করুন,,Začít,Begynd,Beginnen,Έναρξη,Begin,Begin,Empezar,Comenzar,Comenzar,,Aloita,Commencer,શરૂ કરો,התחל,शुरू करें,Počni,Kezdés,Mulai,Inizia,開始,,시작,ആരംഭിക്കുക,आरंभ करा,Mula,Begynn,Beginnen,ਸ਼ੁਰੂ ਕਰੋ,,Começar,Începe,Начать,Začať,,Börja,தொடங்கு,ప్రారంభించు,เริ่มต้น,Umpisahan,,,,Bắt đầu,开始,開始,開始,
Call me,,اتصل بي,Обаждане до мен,আমাকে কল করুন,Truca'm,Zavolejte mi,Ring til mig,Ruf mich an,Καλέστε με,Call me,Call me,,Llámame,Llámame,با من تماس بگیر,Soita minulle,Appelez-moi,,התקשר אליי,मुझे कॉल करें,Nazovi me,Hívj fel,Telp saya,Chiamami,自分に発信,ನನಗೆ ಕರೆ ಮಾಡಿ,통화 인증,,मला कॉल करा,Hubungi saya,Ring meg,Bel me,,Zadzwoń do mnie,Ligar para mim,Sună-mă,Позвонить мне,Zavolať mi,Позовите ме,Ring mig,என்னை அழை,,โทรหาฉัน,Tawagan ako,Beni ara,Зателефонуйте мені,,Gọi cho tôi,给我电话,以電話確認,以電話確認,Button title for initiating a voice verification call
Calling codes,,رموز الاتصال,,,Prefixos telefònics,Telefonní předvolby,Landekoder,Landesvorwahlen,Κωδικοί κλήσης,Calling codes,Calling codes,,Códigos de marcación,Códigos de marcación,,Ulkomaantunnukset,Indicatifs téléphoniques,,קידומות שיחה,कॉलिंग कोड,Pozivni brojevi,Országkódok,Kode panggilan,Prefissi telefonici,国番号,,전화 코드,,,Kod panggilan,Landskoder,Landnummers,,Numery kierunkowe państw,Códigos de chamada,Coduri de apelare,Телефонные коды,Predvoľba,,Landsnummer,,,รหัสในการโทร,,Ülke arama kodları,Телефонні коди,,Mã điện thoại,国家代码,國際電話區號,國際電話區號,Title of Country Code Selector picker view
Calling...,,جارٍ الاتصال...,,কল করা হচ্ছে...,S'està trucant...,Voláme...,Ringer...,Ruft an...,Κλήση...,Calling...,Calling...,,Llamando...,Llamando...,در حال برقراری تماس...,Soitetaan...,Appel en cours…,,מתקשר...,कॉल किया जा रहा है...,Pozivanje...,Hívás folyamatban...,Menghubungi...,Chiamata in corso...,発信中,,전화하는 중...,,,Menghubungi...,Ringer …,Bellen...,,Dzwonimy...,Chamando...,Se apelează...,Звоним...,Vytáča sa...,Позивам...,Ringer...,,,กำลังโทร...,Tumatawag,Arıyor...,Телефонуємо...,,Đang gọi...,正在呼叫,撥號中...,撥號中...,Button title showing progress towards a phone call being initiated
Cancel,Kanselleer,إلغاء,,বাতিল করুন,,Zrušit,Annuller,Abbrechen,Άκυρο,Cancel,Cancel,Cancelar,Cancelar,Cancelar,,Peruuta,Annuler,રદ કરો,ביטול,रद्द करें,Odustani,Mégsem,Batalkan,Annulla,キャンセル,,취소,റദ്ദാക്കുക,रद्द करा,Batal,Avbryt,Annuleren,ਰੱਦ ਕਰੋ,,Cancelar,Renunță,Отмена,Zrušiť,,Avbryt,ரத்துசெய்,రద్దు చేయి,ยกเลิก,Kanselahin,,,,Hủy,取消,取消,取消,
Confirm,Bevestig,تأكيد,,নিশ্চিত করুন,,Potvrdit,Bekræft,Bestätigen,Επιβεβαίωση,Confirm,Confirm,Confirmar,Confirmar,Confirmar,,Vahvista,Confirmer,પુષ્ટિ કરો,אשר,पुष्टि करें,Potvrdi,Visszaigazolás,Konfirmasi,Conferma,確認,,확인,സ്ഥിരീകരിക്കുക,पुष्टी करा,Sahkan,Bekreft,Bevestigen,ਪੁਸ਼ਟੀ ਕਰੋ,,Confirmar,Confirmă,Подтвердить,Potvrdiť,,Bekräfta,உறுதிசெய்,నిర్ధారించు,ยืนยัน,Kumpirmahin,,,,Xác nhận,确认,確認,確認,
Confirm your email,Bevestig jou e-pos,قم بتأكيد بريدك الإلكتروني,,আপনার ইমেল নিশ্চিত করুন,,Potvrdit e-mail,Bekræft din e-mail,Bestätige deine E-Mail-Adresse,Επιβεβαιώστε το email σας,Confirm your email,Confirm your email,Confirma tu correo electrónico,Confrirma tu dirección de correo electrónico,Confrirma tu dirección de correo electrónico,,Vahvista sähköpostisi,Confirmez votre adresse e-mail,તમારી ઈમેઇલની પુષ્ટિ કરો,"אשר את כתובת הדוא\""ל שלך",अपना ईमेल कन्फ़र्म करें,Potvrdite adresu e-pošte,Az e-mail cím megerősítése,Konfirmasi email Anda,Conferma il tuo indirizzo e-mail,メールアドレスを確認,,이메일을 확인하세요,നിങ്ങളുടെ ഇമെയിൽ സ്ഥിരീകരിക്കുക,आपल्या ईमेलची पुष्टी करा,Sahkan e-mel anda,Bekreft e-postadressen din,Bevestig je e-mailadres,ਆਪਣੀ ਈਮੇਲ ਦੀ ਪੁਸ਼ਟੀ ਕਰੋ,,Confirme seu email,Confirmă adresa ta de e-mail,Подтвердите правильность своего эл. адреса,Potvrďte svoju e-mailovú adresu,,Bekräfta e-postadressen,உங்கள் மின்னஞ்சலை உறுதிப்படுத்தவும்,మీ ఇమెయిల్‌ను నిర్ధారించండి,ยืนยันอีเมลของคุณ,Kumpirmahin ang iyong email,,,,Xác nhận email của bạn,确认您的邮箱,確認您的電郵,確認電子郵件,
Confirm your phone number,Bevestig jou foonnommer,تأكيد رقم هاتفك,,আপনার ফোন নম্বর নিশ্চিত করুন,,Potvrďte telefonní číslo,Bekræft dit telefonnummer,Bestätige deine Telefonnummer,Επιβεβαιώστε τον αριθμό τηλεφώνου σας,Confirm your phone number,Confirm your phone number,Confirma tu número de teléfono,Confirma tu número de teléfono,Confirma tu número de teléfono,,Vahvista puhelinnumerosi,Confirmez votre numéro de téléphone,તમારા ફોન નંબરની પુષ્ટિ કરો,אשר את מספר הטלפון שלך,अपना फ़ोन नंबर कन्फ़र्म करें,Potvrdite telefonski broj,Erősítsd meg a telefonszámodat.,Konfirmasikan nomor telepon Anda,Conferma il tuo numero di telefono,電話番号を認証してください,,휴대폰 번호 확인,നിങ്ങളുടെ ഫോൺ നമ്പർ സ്ഥിരീകരിക്കുക,आपल्‍या फोन नंबरची पुष्‍टी करा,Sahkan nombor telefon anda,Bekreft telefonnummeret ditt,Bevestig je telefoonnummer,ਆਪਣੇ ਫ਼ੋਨ ਨੰਬਰ ਦੀ ਪੁਸ਼ਟੀ ਕਰੋ,,Confirme seu número de telefone,Confirmă numărul tău de telefon,Подтвердите свой номер телефона,Potvrďte svoje telefónne číslo,,Bekräfta ditt telefonnummer,ஃபோன் எண்ணை உறுதிசெய்யவும்,మీ ఫోన్ నంబర్‌ను నిర్ధారించండి,ยืนยันหมายเลขโทรศัพท์ของคุณ,Kumpirmahin ang numero ng iyong telepono,,,,Xác nhận số điện thoại của bạn,确认电话号码,確認您的手機號碼,確認手機電話號碼,
Continue,Gaan voort,متابعة,,অবিরত রাখুন,Continua,Pokračovat,Fortsæt,Fortfahren,Συνέχεια,Continue,Continue,Continuar,Continuar,Continuar,ادامه,Jatka,Continuer,ચાલુ રાખો,המשך,जारी रखें,Nastavi,Folytatás,Lanjutkan,Continua,続ける,,계속,തുടരുക,सुरू ठेवा,Teruskan,Fortsett,Doorgaan,ਜਾਰੀ ਰੱਖੋ,Kontynuuj,Continuar,Continuă,Продолжить,Pokračovať,Настави,Fortsätt,தொடரவும்,కొనసాగించు,ดำเนินต่อ,Magpatuloy,Devam,Продовжити,,Tiếp tục,继续,繼續,繼續,
Dismiss,,تجاهل,,বরখাস্ত করুন,Descarta,Zavřít,Afvis,Verwerfen,Απόρριψη,Dismiss,Dismiss,Descartar,Descartar,Descartar,نادیده گرفتن,Hylkää,Rejeter,,התעלמות,बर्खास्त करें,Odbaci,Bezárás,Singkirkan,Rimuovi,非表示,,취소,,,Abai,Forkast,Wijs af,,Odrzuć,Rejeitar,Renunță,Отклонить,Zamietnuť,Одбаци,Stäng,,,ยกเลิก,I-dismiss,Gizle,Відхилити,برخاست کریں,Bỏ qua,忽略,捨棄,捨棄,Dismiss button text
Done,,تمّ,,সম্পন্ন হয়েছে,Fet,Hotovo,Færdig,Fertig,Τέλος,Done,Done,Listo,Listo,Listo,انجام شد,Valmis,Terminé,,סיום,हो गया,Gotovo,Kész,Selesai,Fine,完了,,완료,,,Selesai,Ferdig,Gereed,,Gotowe,Concluído,Gata,Готово,Hotovo,Готово,Klart,,,เสร็จสิ้น,Tapos na,Bitti,Готово,,Đã xong,完成,完成,完成,Button title for successful continuation
Done!,Klaar!,تم!,,সম্পন্ন!,,Hotovo!,Færdig!,Fertig!,Ολοκληρώθηκε!,Done!,Done!,¡Hecho!,¡Listo!,¡Listo!,,Valmis!,Terminé!,પૂર્ણ થયું!,בוצע!,पूर्ण!,Gotovo!,Kész!,Selesai!,Operazione completata!,完了しました,,완료!,പൂർത്തിയായി!,पूर्ण झाले!,Selesai!,Ferdig!,Klaar!,ਮੁਕੰਮਲ!,,Concluído!,Gata!,Готово!,Hotovo!,,Klart!,முடிந்தது!,పూర్తయింది!,เรียบร้อย!,Tapos na!,,,,Xong!,完成！,完成！,完成！,
Edit number,,تعديل الرقم,Редактиране на номера,নম্বর সম্পাদনা করুন,Modifica el número,Upravit číslo,Rediger nummer,Nummer bearbeiten,Επεξεργασία αριθμού,Edit number,Edit number,Editar número,Editar número,Editar número,ویرایش شماره,Muokkaa numeroa,Modifier le numéro,,ערוך מספר,नंबर संपादित करें,Uredi broj,Szám szerkesztése,Edit nomor,Modifica numero,番号を編集,ಸಂಖ್ಯೆ ಸಂಪಾದಿಸಿ,번호 수정하기,,क्रमांक संपादित करा,Edit nombor,Rediger tall,Nummer bewerken,,Edytuj numer,Editar número,Editează numărul,Изменить номер,Upraviť číslo,Уреди број,Ändra numret,எண்ணைத் திருத்து,,แก้ไขหมายเลข,I-edit ang numero,Numarayı düzenle,Змінити номер,,Sửa số,编辑号码,編輯號碼,編輯號碼,Button to go back from Challenge VC
Enter the code to verify your phone number.,,أدخِل الرمز لتوثيق رقم هاتفك.,,,Introdueix el codi per verificar el teu número de telèfon.,Zadáním kódu ověřte své telefonní číslo.,Indtast koden for at bekræfte dit telefonnummer.,"Gib den Code ein, um Deine Telefonnummer zu bestätigen.",Εισαγάγετε τον κωδικό για να επαληθεύσετε τον αριθμό τηλεφώνου σας.,Enter the code to verify your phone number.,Enter the code to verify your phone number.,,Introduce el código para verificar tu número de teléfono.,Introduce el código para verificar tu número de teléfono.,,Kirjoita koodi varmentaaksesi puhelinnumerosi.,Entrez le code pour vérifier votre numéro de téléphone.,,הזן את הקוד כדי לאמת את מספר הטלפון שלך.,अपना फ़ोन नंबर सत्यापित करने के लिए कोड दर्ज करें.,Unesite kod da biste potvrdili svoj broj.,Add meg a kódot a telefonszámod ellenőrzéséhez!,Masukkan kode untuk memverifikasi nomor ponsel Anda.,Inserisci il codice per verificare il tuo numero di telefono,以下に入力して電話番号を認証してください。,,코드를 입력해서 휴대폰 번호를 인증하세요.,,,Masukkan kod tersebut di bawah untuk mengesahkan nombor telefon anda.,Skriv inn koden for å verifisere telefonnummeret ditt.,Vul de code in om je telefoonnummer te verifiëren.,,"Wpisz kod, aby zweryfikować swój numer telefonu.",Digite o código para confirmar seu número de celular.,Introdu codul pentru a-ți verifica numărul de telefon.,"Введите его в поле ниже, чтобы подтвердить свой телефонный номер.",Zadajte kód na overenie vášho telefónneho čísla.,,Ange koden för att verifiera ditt telefonnummer.,,,ป้อนรหัสเพื่อยืนยันหมายเลขโทรศัพท์ของคุณ,,Telefon numaranı doğrulamak için kodu gir.,"Введіть код, щоб підтвердити свій номер телефону.",,Điền mã để xác nhận số điện thoại của bạn.,输入代码确认你的手机号码。,輸入此碼以認證你的電話號碼。,輸入此碼以認證你的電話號碼。,Subtitle for the screen asking the user to verify their phone number
Enter your code,Voer jou kode in,أدخل الرمز,,আপনার কোড লিখুন,,Zadejte kód,Indtast din kode,Gib deinen Code ein,Εισαγάγετε τον κωδικό σας,Enter your code,Enter your code,Introduce el código,Ingresa tu código,Ingresa tu código,,Anna koodi,Saisissez votre code,તમારો કોડ દાખલ કરો,הזן את הקוד,अपना कोड डालें,Unesite kod,Írd be a kódot,Ketikkan kode Anda,Inserisci il tuo codice,コードを入力してください,,코드 입력,നിങ്ങളുടെ കോഡ് നൽകുക,आपला कोड प्रविष्‍ट करा,Masukkan kod anda,Oppgi koden din,Voer je code in,ਆਪਣਾ ਕੋਡ ਦਾਖ਼ਲ ਕਰੋ,,Insira seu código,Introdu codul,Введите код,Zadajte svoj kód,,Skriv in din kod,குறியீட்டை உள்ளிடவு்:,మీ కోడ్‌ను నమోదు చేయండి,ป้อนรหัสของคุณ,Ilagay ang iyong code,,,,Nhập mã của bạn,输入你的代码,輸入您的代碼,輸入代碼,
Enter your email address,Voer jou e-posadres in,أدخل عنوان بريدك الإلكتروني,,আপনার ইমেল ঠিকানা লিখুন,,Zadejte e-mailovou adresu,Indtast din e-mailadresse,Gib deine E-Mail-Adresse ein,Γράψτε τη διεύθυνση email σας,Enter your email address,Enter your email address,Escribe tu dirección de correo electrónico,Escribe tu dirección de correo electrónico,Escribe tu dirección de correo electrónico,,Anna sähköpostiosoitteesi,Saisissez votre adresse e-mail,તમારું ઇમેઇલ સરનામું દાખલ કરો,"הזן את כתובת הדוא\""ל שלך",अपना ईमेल पता डालें,Unesite adresu e-pošte,Add meg az e-mail címedet.,Masukkan alamat email Anda,Inserisci il tuo indirizzo e-mail,メールアドレスを入力,,이메일 주소 입력,നിങ്ങളുടെ ഇമെയിൽ വിലാസം നൽകുക,आपला ईमेल पत्‍ता प्रविष्‍ट करा,Masukkan alamat e-mel anda,Skriv inn e-postadressen din,Voer je e-mailadres in,ਆਪਣਾ ਈਮੇਲ ਪਤਾ ਦਾਖ਼ਲ ਕਰੋ,,Digite o seu endereço de email,Introdu adresa ta de e-mail,Введите свой эл. адрес,Zadajte svoju e-mailovú adresu,,Ange din e-postadress,மின்னஞ்சல் முகவரியை உள்ளிடவும்,మీ ఇమెయిల్ చిరునామాను నమోదు చేయండి,ป้อนที่อยู่อีเมลของคุณ,Ilagay ang iyong email address,,,,Nhập địa chỉ email của bạn,输入你的电子邮箱,輸入您的電郵地址,輸入電子郵件地址,
Enter your email.,,أدخِل بريدك الإلكترونيّ.,,আপনার ইমেইলটি লিখুন।,Introdueix el correu electrònic.,Zadejte svou e-mailovou adresu.,Indtast din e-mail.,Gib Deine E-Mail Adresse ein.,Εισαγάγετε τη διεύθυνση ηλεκτρονικού ταχυδρομείου σας.,Enter your email.,Enter your email.,Introduce tu correo electrónico.,Introduce tu correo electrónico.,Introduce tu correo electrónico.,ایمیلتان را وارد کنید.,Kirjoita sähköpostiosoitteesi.,Entrez votre email.,,הזן את הדואר האלקטרוני שלך.,अपना ईमेल दें.,Unesite svoju adresu e-pošte.,Add meg az e-mail címedet.,Masukkan email Anda.,Inserisci la tua email.,メールアドレスを入力してください。,,이메일 주소를 입력하세요.,,,Masukkan e-mel anda.,Skriv inn e-postadressen din.,Vul je e-mailadres in.,,Wpisz swój adres e-mail.,Digite o seu e-mail.,Introdu-ți adresa de e-mail.,Введите ваш адрес электронной почты.,Zadajte svoj e-mail.,Унеси своју е-пошту.,Ange din e-post.,,,ป้อนอีเมลของคุณ,Ilagay ang email mo.,E-postanı gir.,Введіть свою адресу електронної пошти.,,Nhập email của bạn.,输入你的邮件地址。,輸入你的電子郵件。,輸入你的電子郵件。,Label before email input field
Enter your phone number,Voer jou foonnommer in,أدخل رقم هاتفك,,আপনার ফোন নম্বর লিখুন,,Zadejte telefonní číslo,Indtast dit telefonnummer,Gib deine Telefonnummer an,Γράψτε τον αριθμό τηλεφώνου σας,Enter your phone number,Enter your phone number,Escribe tu número de teléfono,Escribe tu número de teléfono,Escribe tu número de teléfono,,Anna puhelinnumerosi,Saisissez votre numéro de téléphone,તમારો ફોન નંબર દાખલ કરો,הזן את מספר הטלפון שלך,अपना फ़ोन नंबर डालें,Unesite telefonski broj,Add meg a telefonszámodat.,Masukkan nomor telepon Anda,Inserisci il tuo numero di telefono,電話番号を入力してください,,휴대폰 번호 입력,നിങ്ങളുടെ ഫോൺ നമ്പർ നൽകുക,आपला फोन नंबर प्रविष्‍ट करा,Masukkan nombor telefon anda,Skriv inn telefonnummeret ditt,Voer je telefoonnummer in,ਆਪਣਾ ਫ਼ੋਨ ਨੰਬਰ ਦਾਖ਼ਲ ਕਰੋ,,Digite seu número de telefone,Introdu numărul tău de telefon,Введите свой номер телефона,Zadajte svoje telefónne číslo,,Ange ditt telefonnummer,ஃபோன் எண்ணை உள்ளிடவும்,మీ ఫోన్ నంబర్‌ను నమోదు చేయండి,ป้อนหมายเลขโทรศัพท์ของคุณ,Ilagay ang numero ng iyong telepono,,,,Nhập số điện thoại của bạn,输入电话号码,輸入您的手機號碼,輸入手機電話號碼,
Enter your phone.,,أدخِل رقم هاتفك.,,,Introdueix el telèfon.,Zadejte svoje telefonní číslo.,Indtast dit telefonnr.,Telefonnummer eingeben.,Εισαγάγετε το τηλέφωνό σας.,Enter your phone.,Enter your phone.,,Ingresa tu teléfono.,Ingresa tu teléfono.,,Kirjoita puhelinnumerosi.,Entrez votre téléphone.,,הזן את הטלפון שלך.,अपना फ़ोन दर्ज करें.,Unesite telefonski broj.,Add meg a telefonszámodat.,Masukkan ponsel Anda.,Inserisci il tuo numero.,電話番号を入力,,전화번호를 입력해주세요.,,,Masukkan telefon anda.,Skriv inn telefonnummeret ditt.,Vul je telefoonnummer in.,,Wpisz swój numer telefonu.,Digite seu número de celular.,Introdu numărul tău de telefon.,Введите номер телефона.,Zadajte svoj telefón.,,Ange din telefon.,,,ป้อนหมายเลขโทรศัพท์ของคุณ,,Telefon numaranı gir.,Введіть свій номер телефону.,,Nhập điện thoại của bạn.,输入你的手机号码。,輸入你的電話。,輸入你的電話。,Title for secondary Enter Phone in Sign Up flow
Error,,خطأ,,,Error,Chyba,Fejl,Fehler,Σφάλμα,Error,Error,,Error,Error,,Virhe,Erreur,,שגיאה,त्रुटि,Pogreška,Hiba,Permasalahan,Errore,エラー,,오류,,,Ralat,Feil,Fout,,Błąd,Erro,Eroare,Ошибка,Chyba,,Fel,,,ข้อผิดพลาด,,Hata,Помилка,,Lỗi,错误,錯誤,錯誤,Alert view title informing user of an error.
Find your friends,,اعثر على أصدقائك,,আপনার বন্ধুদের খুঁজুন,Troba les amistats,Najděte svoje přátele,Find dine venner,Finde Deine Freunde,Βρείτε τους φίλους σας,Find your friends,Find your friends,Encuentra a tus amigos,Encuentra a tus amigos,Encuentra a tus amigos,دوستانتان را پیدا کنید,Löydä ystäväsi,Trouvez vos amis,,חפש את החברים שלך,अपने मित्रों को खोजें,Pronađite svoje prijatelje,Barátaid megkeresése,Temukan teman Anda,Trova i tuoi amici,友だちを見つける,,친구 찾기,,,Cari rakan anda,Finn vennene dine,Zoek je vrienden,,Znajdź znajomych,Encontre seus amigos,Găsește-ți prietenii,Найдите своих друзей,Vyhľadajte svojich priateľov,Пронађи своје пријатеље,Hitta dina vänner,,,ค้นหาเพื่อนของคุณ,Hanapin ang mga kaibigan mo,Arkadaşlarını bul,Знайдіть своїх друзів,اپنے دوستوں کو تلاش کریں,Tìm bạn bè của bạn,查找你的好友,尋找你的朋友,尋找你的朋友,Title for description explaining what the find your friends feature does
Log In,Meld aan,تسجيل الدخول,,লগ ইন করুন,,Přihlásit se,Log på,Anmelden,Σύνδεση,Log In,Log In,Iniciar sesión,Iniciar sesión,Iniciar sesión,,Kirjaudu sisään,Connexion,લૉગ ઇન કરો,התחבר,लॉग इन करें,Prijava,Bejelentkezés,Masuk,Accedi,ログイン,,로그인,ലോഗിൻ ചെയ്യുക,लॉग इन करा,Log Masuk,Logg inn,Aanmelden,ਲੌਗ ਇਨ ਕਰੋ,,Entrar,Conectare,Вход,Prihlásiť sa,,Logga in,உள்நுழை,లాగిన్ చేయి,เข้าสู่ระบบ,Mag-log In,,,,Đăng nhập,登录,登入,登入,
Log Into %1$@,Meld by %1$@ aan,تسجيل الدخول إلى %1$@,,%1$@ এ লগ ইন করুন,,Přihlaste se k %1$@,Log på %1$@,Melde dich bei %1$@ an,Συνδεθείτε στο %1$@,Log Into %1$@,Log Into %1$@,Iniciar sesión en %1$@,Iniciar sesión en %1$@,Iniciar sesión en %1$@,,Kirjaudu sisään kohteeseen %1$@,Se connecter à %1$@,%1$@ માં લૉગ ઇન કરો,התחבר אל %1$@,%1$@ में लॉग इन करें,Prijavite se na račun %1$@,Bejelentkezés a(z) %1$@ alkalmazásba,Masuk ke %1$@,Accedi a %1$@,%1$@にログイン,,%1$@에 로그인,എന്നതിലേക്ക് ലോഗിൻ ചെയ്യുക %1$@,%1$@ मध्‍ये लॉग इन करा,Log Masuk Ke %1$@,Logg inn på %1$@,Meld je aan bij %1$@,%1$@ ਵਿੱਚ ਲੌਗ ਇਨ ਕਰੋ,,Entrar em %1$@,Conectează-te la %1$@,Выполните вход в %1$@,Prihlásiť sa do účtu %1$@,,Logga in på %1$@,%1$@ இல் உள்நுழையவும்,%1$@కి లాగిన్ చేయండి,เข้าสู่ระบบ %1$@,Mag-log In Sa %1$@,,,,Đăng nhập vào %1$@,登录 %1$@,登入 %1$@,登入 %1$@,
Logging in,,تسجيل الدخول,Влиза се,লগ ইন হচ্ছে,S'està entrant,Přihlašování,Logger ind,Anmeldung läuft,Γίνεται σύνδεση,Logging in,Logging in,Iniciando sesión,Iniciando sesión,Iniciando sesión,ورود به سيستم,Kirjaudutaan sisään,Connexion,,כניסה,लॉगिन कर रहा है,Prijava,Bejelentkezés,Masuk,Accesso in corso,ログイン,ಲಾಗ್ ಇನ್ ಮಾಡಲಾಗುತ್ತದೆ,로그인 중,,लॉगिंग इन,Log masuk,Logger inn,Inloggen...,,Logowanie,Conectando-se,Se conectează,Вход в систему,Prihlasuje sa,Пријављивање,Logga in,உள்நுழைகிறது,,การเข้าสู่ระบบ,Nagla-log in,Giriş  yap,Триває вхід,,Đang đăng nhập,正在登录,登入,登入,Button title for logging-in event
Next,Volgende,التالي,,পরবর্তী,Següent,Další,Næste,Weiter,Επόμενο,Next,Next,Siguiente,Siguiente,Siguiente,,Seuraava,Suivant,આગલું,הבא,अगला,Sljedeće,Következő,Selanjutnya,Avanti,次へ,,다음,അടുത്തത്,पुढील,Seterusnya,Neste,Volgende,ਅਗਲਾ,Dalej,Próximo,Următorul,Далее,Ďalej,,Nästa,அடுத்து,తదుపరి,ถัดไป,Susunod,Sonraki,Далі,,Tiếp theo,下一步,下一步,下一步,Button label to allow the user to skip to the next view in this set of views.
Not now,,ليس الآن,,এখন না,Ara no,Teď ne,Ikke nu,Nicht jetzt,Όχι τώρα,Not Now,Not now,Ahora no,Ahora no,Ahora no,حالا نه,Ei nyt,Pas maintenant,,לא עכשיו,अभी नहीं,Ne sada,Most nem,Jangan sekarang,Non ora,後で,,나중에 다시 보기,,,Bukan sekarang,Ikke nå,Niet nu,,Nie teraz,Agora não,Nu acum,Не сейчас,Teraz nie,Не сада,Inte nu,,,ไม่ใช่ตอนนี้,Hindi ngayon,Şimdi değil,Не зараз,ابھی نہیں,Không phải bây giờ,暂时不用,現在不要,現在不要,Not now button text
Number,Nommer,الرقم,,নম্বর,,Číslo,Nummer,Nummer,Αριθμός,Number,Number,Número,Número,Número,,Numero,Numéro,નંબર,מספר,नंबर,Broj,Szám,Nomor,Numero,電話番号,,번호,നമ്പർ,नंबर,Nombor,Nummer,Nummer,ਨੰਬਰ,,Número,Număr,Номер,Číslo,,Nummer,எண்,నంబర్,หมายเลข,Numero,,,,Số,编号,電話,號碼,
OK,Goed,حسنًا,,ঠিক আছে,D'acord,OK,OK,OK,OK,OK,OK,Aceptar,Aceptar,Aceptar,,OK,OK,ઑકે,אישור,ठीक है,U redu,OK,Oke,OK,OK,,확인,ശരി,ठीक,OK,OK,OK,ਠੀਕ,OK,OK,Bine,OK,OK,,OK,சரி,సరే,ตกลง,OK,TAMAM,Гаразд,,OK,确定,好,好,Generic OK button title
Open the email and confirm your address,Maak die e-pos oop wat ons gestuur het en bevestig jou adres,افتح البريد الإلكتروني الذي تم إرساله وقم بتأكيد عنوانك,,আমরা যে ইমেলটি পাঠিয়েছি সেটি খুলুন এবং আপনার ঠিকানা নিশ্চিত করুন,,"Otevřete e-mail, který jsme vám poslali, a svoji adresu potvrďte","Åbn den e-mail, vi har sendt, og bekræft din adresse","Öffne die E-Mail, die wir dir geschickt haben, und bestätige deine Adresse",Ανοίξτε το email που σας στείλαμε και επιβεβαιώστε τη διεύθυνσή σας,Open the email and confirm your address,Open the email and confirm your address,Abre el correo electrónico que te hemos enviado y confirma tu dirección,Abre el correo electrónico que te enviamos y confirma tu dirección,Abre el correo electrónico que te enviamos y confirma tu dirección,,Avaa lähettämämme sähköpostiviesti ja vahvista osoitteesi,Ouvrez l'e-mail que nous avons envoyé et confirmez votre adresse,અમે મોકલેલ ઇમેઇલ ખોલો અને તમારા સરનામાની પુષ્ટિ કરો,"פתח את הדוא\""ל ששלחנו ואשר את כתובתך",हमारे द्वारा भेजा गया ईमेल खोलें और अपना पता कन्फ़र्म करें,Otvorite poruku e-pošte koju smo vam poslali i potvrdite svoju adresu,"Nyisd meg az általunk küldött e-mailt, és erősítsd meg a címedet.",Buka email yang kami kirimkan dan konfirmasikan alamat Anda,Apri l'e-mail che ti abbiamo inviato e conferma il tuo indirizzo,Facebookから届いたメールを開き、メールアドレスを確認してください。,,Facebook에서 보낸 이메일을 열고 주소를 확인하세요,ഞങ്ങൾ അയച്ച ഇമെയിൽ തുറന്ന് നിങ്ങളുടെ വിലാസം സ്ഥിരീകരിക്കുക,आम्‍ही पाठवलेला ईमेल उघडा आणि आपल्‍या पत्‍त्‍याची पुष्‍टी करा,Buka e-mel yang kami hantar dan sahkan alamat e-mel anda,"Åpne e-posten vi har sendt, og bekreft adressen din",Open de e-mail die we hebben gestuurd en bevestig je e-mailadres,ਸਾਡੇ ਦੁਆਰਾ ਭੇਜੀ ਗਈ ਈਮੇਲ ਖੋਲ੍ਹੋ ਅਤੇ ਆਪਣੇ ਪਤੇ ਦੀ ਪੁਸ਼ਟੀ ਕਰੋ,,Abra o email que enviamos e confirme o seu endereço,Deschide e-mailul pe care l-am trimis și confirmă adresa ta,"Откройте эл. письмо, которое мы вам отправили, и подтвердите свой эл. адрес","Otvorte e-mail, ktorý sme vám poslali, a potvrďte svoju adresu",,Öppna e-postmeddelandet som vi skickade och bekräfta din adress,"நாங்கள் அனுப்பிய மின்னஞ்சலைத் திறந்து, உங்கள் முகவரியை உறுதிசெய்யவும்","మేము పంపిన ఇమెయిల్‌ను తెరిచి, మీ చిరునామాను నిర్ధారించండి",เปิดอีเมลที่เราส่งถึงคุณและยืนยันที่อยู่ของคุณ,Buksan ang email na ipinadala namin at kumpirmahin ang iyong address,,,,Hãy mở email mà chúng tôi đã gửi và xác nhận địa chỉ của bạn,打开我们发送的邮件并确认你的地址,請開啟我們傳送給您的電郵以確認您的電郵地址,開啟我們發送的電子郵件並確認地址,
Open your Email,Maak jou e-pos oop,فتح البريد الإلكتروني,,আপনার ইমেল খুলুন,,Otevřete e-mail,Åbn din e-mail,Öffne deine E-Mail,Ανοίξτε το email σας,Open your Email,Open your Email,Abre tu correo electrónico,Abre tu correo electrónico,Abre tu correo electrónico,,Avaa sähköpostisi,Ouvrez votre e-mail,તમારી ઈમેઇલ ખોલો,"פתח את הדוא\""ל",अपना ईमेल खोलें,Otvorite e-poštu,Nyisd meg a levelezésedet.,Buka email Anda,Apri la tua e-mail,メールを開く,,이메일 열기,നിങ്ങളുടെ ഇമെയിൽ തുറക്കുക,आपला ईमेल उघडा,Buka e-mel anda,Åpne e-posten din,Open je e-mail,ਆਪਣੀ ਈਮੇਲ ਖੋਲ੍ਹੋ,,Abra o seu email,Deschide e-mailul,Откройте эл. письмо,Otvorte svoj e-mail,,Öppna din e-post,மின்னஞ்சலைத் திறக்கவும்,మీ ఇమెయిల్‌ను తెరవండి,เปิดอีเมลของคุณ,Buksan ang iyong email,,,,Mở email của bạn,打开邮件,開啟您的電郵,開啟電子郵件,
Phone number,,رقم الهاتف,,,Número de telèfon,Telefonní číslo,Telefonnummer,Telefonnummer,Αριθμός τηλεφώνου,Phone number,Phone number,,Número de teléfono,Número de teléfono,,Puhelinnumero,Numéro de téléphone,,מספר טלפון,फ़ोन नंबर,Telefonski broj,Telefonszám,Nomor ponsel,Numero di telefono,電話番号,,휴대폰 번호,,,Nombor telefon,Telefonnummer,Telefoonnummer,,Numer telefonu,Número de Celular,Număr de telefon,Номер телефона,Telefónne číslo,,Telefonnummer,,,เบอร์โทรศัพท์,,Telefon numarası,Номер телефону,,Số điện thoại,手机号码,電話號碼,電話號碼,Shown on label for verify phone number input
Please check your code and try again,,يُرجى التحقق من الرمز وإعادة المحاولة,,অনুগ্রহ করে আপনার কোডটি যাচাই করে নিয়ে আবার চেষ্টা করুন,Comprova el codi i torna a provar-ho,Zkontrolujte kód a zkuste to znovu.,Tjek venligst din kode og prøv igen.,Bitte überprüfe Deinen Code und versuche es erneut,Ελέγξτε τον κωδικό σας και προσπαθήστε ξανά,Please check your code and try again,Please check your code and try again,Revisa tu código e inténtalo de nuevo,Revisa tu código e inténtalo de nuevo,Revisa tu código e inténtalo de nuevo,لطفاً کدتان را بررسی کنید و دوباره امتحان کنید,Tarkista koodi ja yritä uudelleen,Veuillez vérifier votre code et réessayer.,,בדוק את הקוד שלך ונסה שוב,कृपया अपने कोड की जाँच करें और पुन: प्रयास करें,Provjerite svoj kod i pokušajte ponovno,"Kérjük, ellenőrizd a kódod és próbáld meg újra.",Silakan periksa kode Anda dan coba lagi,Controlla il codice e riprova,コードをご確認の上、再度お試しください。,,코드를 확인한 후 다시 시도하세요.,,,Sila semak kod anda dan cuba sekali lagi,"Sjekk koden din, og prøv igjen",Controleer je code en probeer het opnieuw,,Sprawdź kod i spróbuj ponownie.,Verifique seu código e tente novamente,Verifică-ți codul și încearcă din nou,Проверьте код и повторите попытку.,Skontrolujte svoj kód a skúste to znova,Провери свој код и покушај поново,Kontrollera koden och försök igen,,,โปรดตรวจสอบรหัสของคุณและลองใหม่อีกครั้ง,Mangyaring tingnan ang inyong code at subukan ulit,Lütfen kodunu kontrol et ve tekrar dene,Перевірте код і повторіть спробу,برائے مہربانی اپنے کوڈ کی پڑتال کریں اور دوبارہ کوشش کریں۔,Vui lòng kiểm tra mã của bạn và thử lại,请检查你的确认码并重试,請檢查你的代碼，然後再試一次,請檢查你的代碼，然後再試一次,Error text when confirmation code may be invalid
Please check your email and try again,,يُرجى تفقّد بريدك الإلكترونيّ وإعادة المحاولة,,অনুগ্রহ করে আপনার ইমেল চেক করুন এবং আবার চেষ্টা করুন,Comprova el correu electrònic i torna-ho a provar,Zkontrolujte e-mailovou adresu a zkuste to znovu.,Tjek venligst din e-mail og prøv igen,Bitte überprüfe Deine E-Mail Adresse und versuche es erneut,Ελέγξτε το ηλεκτρονικό ταχυδρομείο σας και προσπαθήστε ξανά,Please check your email and try again,Please check your email and try again,"Por favor, revisa tu correo electrónico e inténtalo de nuevo","Por favor, revisa tu correo electrónico e inténtalo de nuevo","Por favor, revisa tu correo electrónico e inténtalo de nuevo",لطفا ایمیل خود را بررسی و دوباره امتحان کنید,Tarkista sähköpostiosoitteesi ja yritä uudelleen,Veuillez vérifier votre adresse email et réessayer,,יש לבדוק את הדואר האלקטרוני שלך ולנסות שוב,कृपया अपनी ईमेल जांचें और पुन: प्रयास करें,Provjerite svoju adresu e-pošte i pokušajte ponovno,"Kérjük, ellenőrizd az e-mail címedet és próbáld meg újra.",Silakan periksa email Anda dan coba lagi,Controlla la tua email e riprova,メールアドレスをご確認の上、再度お試しください。,,이메일 주소를 확인한 후 다시 시도해주세요.,,,Sila semak e-mel anda dan cuba lagi,"Sjekk e-postadressen din, og prøv igjen",Controleer je e-mail en probeer het opnieuw,,Sprawdź adres e-mail i spróbuj ponownie,Verifique seu e-mail e tente novamente,Verifică-ți adresa de e-mail și încearcă din nou,Проверьте вашу электронную почту и повторите попытку.,Skontrolujte svoj e-mail a skúste to znova,Провери своју адресу е-поште и покушај поново,Var god kolla din e-post och försök igen,,,โปรดตรวจสอบอีเมลของคุณและลองใหม่อีกครั้ง,Mangyaring tingnan ang email mo at subukan ulit,Lütfen e-postanı kontrol et ve tekrar dene,"Будь ласка, перевірте адресу електронної пошти та спробуйте ще раз",,Vui lòng kiểm tra email của bạn và thử lại,请检查你的邮箱并重试,請檢查你的電子郵件，然後再試一次,請檢查你的電子郵件，然後再試一次,Error text when email may be invalid
Please check your number and try again,,يُرجى التحقق من الرقم وإعادة المحاولة,,অনুগ্রহ করে আপনার নম্বরটি যাচাই করে নিয়ে আবার চেষ্টা করুন,Comprova el número i torna a provar-ho,Zkontrolujte číslo a zkuste to znovu.,Tjek venligst dit nummer og prøv igen,Bitte überprüfe Deine Telefonnummer und versuche es erneut,Ελέγξτε τον αριθμό σας και προσπαθήστε ξανά,Please check your number and try again,Please check your number and try again,Revisa tu número e inténtalo de nuevo,Revisa tu número e inténtalo de nuevo,Revisa tu número e inténtalo de nuevo,لطفاً شماره تان را بررسی کنید و دوباره امتحان کنید,Tarkista numero ja yritä uudelleen,Veuillez vérifier votre numéro et réessayer.,,בדוק את המספר שלך ונסה שוב,कृपया अपने नंबर की जाँच करें और पुन: प्रयास करें,Provjerite svoj broj i pokušajte ponovno,"Kérjük, ellenőrizd a számod és próbáld meg újra",Silakan periksa nomor Anda dan coba lagi,Controlla il tuo numero e riprova,番号をご確認の上、再度お試しください。,,휴대폰 번호를 확인한 후 다시 시도하세요.,,,Sila semak nombor anda dan cuba sekali lagi.,"Sjekk nummeret ditt, og prøv igjen",Controleer je nummer en probeer het opnieuw,,Sprawdź numer i spróbuj ponownie.,Verifique seu número e tente novamente,Verifică-ți numărul și încearcă din nou,Проверьте свой номер и повторите попытку.,Skontrolujte svoje číslo a skúste to znova,Провери свој број и покушај поново,Kontrollera numret och försök igen,,,โปรดตรวจสอบหมายเลขโทรศัพท์ของคุณและลองใหม่อีกครั้ง,Mangyaring tingnan ang numero ninyo at subukan ulit,Lütfen numaranı kontrol et ve tekrar dene,Перевірте свій номер і спробуйте ще раз.,برائے مہربانی اپنے نمبر کی پڑتال کریں اور دوبارہ کوشش کریں-,Vui lòng kiểm tra số của bạn và thử lại,请检查你的手机号码并重试,請檢查你的號碼，然後再試一次,請檢查你的號碼，然後再試一次,Error text when number may be invalid
Please enter a valid phone number.,,يُرجى إدخال رقم هاتف صحيح.,,,Introdueix un número de telèfon vàlid.,Zadejte platné telefonní číslo.,Indtast venligst et gyldigt telefonnummer.,Bitte gib eine gültige Telefonnummer ein.,Εισαγάγετε έναν έγκυρο αριθμό τηλεφώνου.,Please enter a valid phone number.,Please enter a valid phone number.,,"Por favor, ingresa un número de teléfono válido.","Por favor, ingresa un número de teléfono válido.",,Kirjoita toimiva puhelinnumero.,Veuillez entrer un numéro de téléphone valide.,,הזן מספר טלפון חוקי.,कृपया एक मान्य फ़ोन नंबर दर्ज करें.,Unesite valjan broj telefona.,"Kérjük, adj meg egy érvényes telefonszámot.",Mohon masukkan nomor ponsel yang sah.,Inserisci un numero di telefono valido.,有効な電話番号を入力してください。,,올바른 휴대폰 번호를 입력해주세요.,,,Sila masukkan nombor telefon yang sah.,Skriv inn et gyldig telefonnummer.,Voer een geldig telefoonnummer in.,,Wpisz prawidłowy numer telefonu.,Digite um número de celular válido.,Trebuie să introduci un număr de telefon valid.,Укажите действительный номер телефона.,Zadajte platné telefónne číslo.,,Vänligen ange ett giltigt telefonnummer.,,,โปรดป้อนหมายเลขโทรศัพท์ที่ถูกต้อง,,Lütfen geçerli bir telefon numarası gir.,Введіть дійсний номер телефону.,,Vui lòng nhập số điện thoại di động hợp lệ.,请输入有效的手机号码。,請輸入有效的電話號碼。,請輸入有效的電話號碼。,User entered an invalid phone number
Resend code,,اعادة إرسال الرمز,,,Reenvia el codi,Znovu odeslat kód,Send kode igen,Code erneut senden,Επανάληψη αποστολής κωδικού,,Resend code,,Reenviar código,Reenviar código,,Lähetä koodi uudelleen,Renvoyer le code,,שלח מחדש את הקוד,कोड पुन: भेजें,Ponovno pošaljite kod,Kód újraküldése,Kirim ulang kode,Reinvia codice,コードを再送信,,코드 다시 보내기,,,Hantar semula kod,Send koden på nytt,Verstuur code opnieuw,,Wyślij kod ponownie,Reenviar código,Retrimite codul,Отправить код ещё раз,Preposlať kód,,Skicka koden igen,,,ส่งรหัสอีกครั้ง,,Kodu yeniden gönder,Надіслати код ще раз,,Gửi lại mã,重新发送确认码,重新發送代碼,重新發送代碼,Resend code message
Resend Email,Stuur weer e-pos,إعادة إرسال البريد الإلكتروني,,ইমেল পুনরায় পাঠান,,Poslat e-mail znovu,Send e-mail igen,E-Mail erneut senden,Επανάληψη αποστολής email,Resend Email,Resend Email,Volver a enviar el mensaje,Reenviar correo electrónico,Reenviar correo electrónico,,Lähetä sähköpostiviesti uudelleen,Renvoyer l'e-mail,ઇમેઇલ ફરીથી મોકલો,"שלח שוב דוא\""ל",ईमेल फिर से भेजें,Ponovno pošalji e-poštu,E-mail újraküldése,Kirim Ulang Email,Invia nuovamente e-mail,メールを再送信,,이메일 다시 보내기,ഇമെയിൽ വീണ്ടും അയയ്‌ക്കുക,ईमेल पुन्‍हा पाठवा,Hantar Semula E-mel,Send e-post på nytt,E-mail opnieuw verzenden,ਈਮੇਲ ਨੂੰ ਦੁਬਾਰਾ ਭੇਜੋ,,Reenviar email,Retrimite e-mailul,Повторная отправка эл. письма,Poslať e-mail znova,,Skicka meddelandet igen,மின்னஞ்சலை மீண்டும் அனுப்பவும்,ఇమెయిల్‌ను మళ్లీ పంపు,ส่งอีเมลอีกครั้ง,Ipadala Muli ang Email,,,,Gửi lại email,重新发送邮件,重新傳送電郵,重寄電子郵件,
Resend SMS,Stuur weer SMS,إعادة إرسال رسالة SMS,,পুনরায় SMS পাঠান,,Znovu poslat SMS,Send sms igen,SMS erneut senden,Επανάληψη αποστολής SMS,Resend SMS,Resend SMS,Volver a enviar SMS,Reenviar SMS,Reenviar SMS,,Lähetä tekstiviesti uudelleen,Renvoyer le SMS,SMS ફરીથી મોકલો,שלח SMS שוב,SMS फिर से भेजें,Ponovno pošalji SMS,SMS újraküldése,Kirim ulang SMS,Invia nuovamente l'SMS,SMSを再送信,,SMS 다시 보내기,SMS വീണ്ടും അയയ്‌ക്കുക,SMS परत पाठवा,Hantar semula SMS,Send SMS på nytt,Sms-bericht opnieuw verzenden,SMS ਦੁਬਾਰਾ ਭੇਜੋ,,Reenviar SMS,Retrimite SMS,Еще раз отправить SMS,Poslať SMS znova,,Skicka om sms:et,SMS ஐ மீண்டும் அனுப்பு,SMSను మళ్లీ పంపు,ส่ง SMS อีกครั้ง,Ipadala muli ang SMS,,,,Gửi lại SMS,重新发送短信,重新傳送短訊,重發簡訊,
Retry,,إعادة المحاولة,,পুনরায় চেষ্টা করুন,Prova-ho de nou,Opakovat,Prøv igen,Wiederholen,Επανάληψη,Retry,Retry,Reintentar,Reintentar,Reintentar,تلاش مجدد,Yritä uudelleen,Réessayer,,ניסיון חוזר,पुनः प्रयास करें,Pokušaj ponovno,Újra,Ulangi,Riprova,再読込,,다시 시도,,,Cuba semula,Prøv igjen,Probeer opnieuw,,Ponów próbę,Tentar novamente,Reîncearcă,Повторить,Skúsiť znova,Покушај поново,Försök igen,,,ลองใหม่,Subukan muli,Tekrar Dene,Повторити,پھر کوشش کریں,Thử lại,重试,重試,重試,Retry button text
Select Your Country,Kies jou land,حدد بلدك,,আপনার দেশ নির্বাচন করুন,,Vyberte zemi,Vælg dit land,Wähle dein Land aus,Επιλέξτε τη χώρα σας,Select Your Country,Select Your Country,Selecciona tu país,Selecciona tu país,Selecciona tu país,,Valitse maasi,Sélectionnez votre pays,તમારો દેશ પસંદ કરો,בחר את המדינה שלך,अपने देश का चयन करें,Odaberite državu,Válaszd ki az országodat.,Pilih Negara Anda,Seleziona il tuo Paese,国を選択,,국가 선택,നിങ്ങളുടെ രാജ്യം തിരഞ്ഞെടുക്കൂ,आपला देश निवड,Pilih Negara Anda,Velg landet ditt,Selecteer je land,ਆਪਣਾ ਦੇਸ਼ ਚੁਣੋ,,Selecione seu país,Selectează țara,Выберите свою страну,Vyberte svoju krajinu,,Välj land,நாட்டைத் தேர்ந்தெடுக்கவும்,మీ దేశాన్ని ఎంచుకోండి,เลือกประเทศของคุณ,Piliin ang Iyong Bansa,,,,Chọn quốc gia của bạn,选择国家/地区,選擇您的國家／地區,選擇國家／地區,
Send,Stuur,إرسال,,পাঠান,,Poslat,Send,Senden,Αποστολή,Send,Send,Enviar,Enviar,Enviar,,Lähetä,Envoyer,મોકલો,שלח,भेजें,Pošalji,Küldd el.,Kirim,Invia,送信,,보내기,അയയ്‌ക്കുക,पाठवा,Hantar,Send,Verzenden,ਭੇਜੋ,,Enviar,Trimite,Отправить,Poslať,,Skicka,அனுப்பு,పంపు,ส่ง,Ipadala,,,,Gửi,发送,傳送,發送,
Send confirmation code,,إرسال رمز التوثيق,,নিশ্চিতকরণ কোড পাঠান,Envia el codi de confirmació,Odeslat potvrzovací kód,Send bekræftelseskode,Bestätigungscode senden,Αποστολή κωδικού επιβεβαίωσης,Send confirmation code,Send confirmation code,Enviar código de confirmación,Enviar código de confirmación,Enviar código de confirmación,ارسال کد تأیید,Lähetä vahvistuskoodi,Envoyer le code de confirmation,,שלח קוד אישור,पुष्टिकरण कोड भेजें,Pošalji potvrdni kod,Ellenőrzőkód küldése,Kirim kode konfirmasi,Invia codice di conferma,認証用コードを送信,,인증 코드 보내기,,,Hantar kod pengesahan,Send bekreftelseskode,Verstuur bevestigingscode,,Wyślij kod potwierdzenia,Enviar código de confirmação,Trimite codul de confirmare,Отправить код подтверждения,Odoslať potvrdzovací kód,Пошаљи код за потврду,Skicka bekräftelsekod,,,ส่งรหัสยืนยัน,Ipadala ang code sa kumprimasyon,Doğrulama kodu gönder,Надіслати код підтвердження,تصدیقی کوڈ بھیجیں,Gửi mã xác nhận,发送确认码,傳送確認碼,傳送確認碼,Send confirmation code button text
Send New Code,Stuur nuwe kode,إرسال رمز جديد,,নতুন কোড পাঠান,,Poslat nový kód,Send ny kode,Neuen Code senden,Αποστολή νέου κωδικού,Send New Code,Send New Code,Enviar código nuevo,Enviar código nuevo,Enviar código nuevo,,Lähetä uusi koodi,Envoyer un nouveau code,નવો કોડ મોકલો,שלח מחדש את הקוד,नया कोड भेजें,Pošalji novi kod,Új kód küldése,Kirimkan Kode Baru,Invia nuovo codice,新しいコードの送信,,새 코드 보내기,പുതിയ കോഡ് അയയ്‌ക്കുക,नवीन कोड पाठवा,Hantar Kod Baharu,Send ny kode,Nieuwe code versturen,ਨਵਾਂ ਕੋਡ ਭੇਜੋ,,Enviar novo código,Trimite un cod nou,Отправить новый код,Poslať nový kód,,Skicka ny kod,புதிய குறியீட்டை அனுப்பு,కొత్త కోడ్‌ను పంపు,ส่งรหัสใหม่,Magpadala ng Bagong Code,,,,Gửi mã mới,发送新代码,傳送新代碼,發送新驗證碼,
Send New Email,Stuur nuwe e-pos,إرسال بريد إلكتروني جديد,,নতুন ইমেল পাঠান,,Poslat nový e-mail,Send ny e-mail,Neue E-Mail versenden,Αποστολή νέου email,Send New Email,Send New Email,Enviar un nuevo correo electrónico,Enviar un nuevo correo electrónico,Enviar un nuevo correo electrónico,,Lähetä uusi sähköposti,Envoyer un e-mail,નવી ઇમેઇલ મોકલો,"שלח דוא\""ל חדש",नया ईमेल भेजें,Pošalji novu poruku e-pošte,Új e-mail küldése,Kirim Email Baru,Invia nuova e-mail,新しいメールを送信,,새 이메일 보내기,പുതിയ ഇമെയിൽ അയയ്‌ക്കുക,नवीन ईमेल पाठवा,Hantar E-mel Baharu,Send ny e-post,Nieuwe e-mail sturen,ਨਵੀਂ ਈਮੇਲ ਭੇਜੋ,,Enviar novo email,Trimite un e-mail nou,Отправить письмо заново,Poslať nový e-mail,,Skicka ny e-post,புதிய மின்னஞ்சலை அனுப்பு,కొత్త ఇమెయిల్ పంపు,ส่งอีเมลใหม่,Magpadala ng Bagong Email,,,,Gửi email mới,发送新邮件,傳送新電郵,發送新電子郵件,
Sending confirmation code,,إرسال رمز التأكيد,,নিশ্চিতকরণ কোড পাঠানো হচ্ছে,S'està enviant el codi de confirmació,Odesílání potvrzovacího kódu,Sender bekræftelseskode,Bestätigungscode wird gesendet,Γίνεται αποστολή κωδικού επιβεβαίωσης,Sending confirmation code,Sending confirmation code,Enviando código de confirmación,Enviando código de confirmación,Enviando código de confirmación,ارسال کد تأیید,Lähetetään vahvistuskoodia,Code de confirmation en cours d'envoi,,שולח קוד אישור,पुष्टिकरण कोड भेजा जा रहा है,Slanje potvrdnog koda,Ellenőrzőkód küldése folyamatban,Mengirim kode konfirmasi,Invio del codice di conferma in corso,認証コード送信中,,인증 코드를 보내는 중,,,Menghantar kod pengesahan,Sender bekreftelseskode,Bevestigingscode versturen...,,Wysyłanie kodu potwierdzenia,Enviando código de confirmação,Se trimite codul de confirmare,Отправка кода подтверждения,Odosiela sa potvrdzovací kód,Слање кода за потврду,Skickar bekräftelsekod,,,กําลังส่งรหัสยืนยัน,Pinapadala code ng pagkumpirma,Kod gönderiliyor,Надсилання коду підтвердження,تصدیقی کوڈ بھیجا جا رہا ہے,Đang gửi mã xác nhận,正在发送确认码,正在傳送確認碼,正在傳送確認碼,Sending confirmation code button text
Sending verification code,,إرسال رمز التأكيد,,নিশ্চিতকরণ কোড পাঠানো হচ্ছে,S'està enviant el codi de confirmació,Odesílání potvrzovacího kódu,Sender bekræftelseskode,Bestätigungscode wird gesendet,Γίνεται αποστολή κωδικού επιβεβαίωσης,Sending verification code,Sending verification code,Enviando código de confirmación,Enviando código de confirmación,Enviando código de confirmación,ارسال کد تأیید,Lähetetään vahvistuskoodia,Code de confirmation en cours d'envoi,,שולח קוד אישור,पुष्टिकरण कोड भेजा जा रहा है,Slanje potvrdnog koda,Ellenőrzőkód küldése folyamatban,Mengirim kode konfirmasi,Invio del codice di conferma in corso,認証コード送信中,,인증 코드를 보내는 중,,,Menghantar kod pengesahan,Sender bekreftelseskode,Bevestigingscode versturen...,,Wysyłanie kodu potwierdzenia,Enviando código de confirmação,Se trimite codul de confirmare,Отправка кода подтверждения,Odosiela sa potvrdzovací kód,Слање кода за потврду,Skickar bekräftelsekod,,,กําลังส่งรหัสยืนยัน,Pinapadala code ng pagkumpirma,Kod gönderiliyor,Надсилання коду підтвердження,تصدیقی کوڈ بھیجا جا رہا ہے,Đang gửi mã xác nhận,正在发送确认码,正在傳送確認碼,正在傳送確認碼,Sending verification code button text
Sending email\U2026,Stuur tans e-pos\U2026,جارٍ إرسال بريد إلكتروني\U2026,,ইমেল পাঠানো হচ্ছে\U2026,,Odesílání e-mailu\U2026,Sender e-mail \U2026,E-Mail wird gesendet \U2026,Αποστολή email\U2026,Sending email\U2026,Sending email\U2026,Enviando correo electrónico\U2026,Enviando correo electrónico\U2026,Enviando correo electrónico\U2026,,Lähetetään sähköpostiviestiä\U2026,Envoi de l'e-mail\U2026,ઇમેઇલ મોકલી રહ્યાં છે\U2026,"שולח דוא\""ל\U2026",ईमेल भेजा जा रहा है\U2026,Slanje e-pošte\U2026,E-mail küldése\U2026,Mengirimkan email\U2026,Invio dell'e-mail\U2026,メールを送信中\U2026,,이메일 보내는 중\U2026,ഇമെയിൽ അയയ്ക്കുന്നു\U2026,ईमेल पाठवित आहे,Menghantar e-mel\U2026,Sender e-post \U2026,E-mail verzenden\U2026,ਈਮੇਲ ਭੇਜ ਰਿਹਾ ਹੈ\U2026,,Enviando email\U2026,Se trimite e-mailul\U2026,Отправка\U2026,Posiela sa e-mail\U2026,,Skickar e-post \U2026,மின்னஞ்சலை அனுப்புகிறது\U2026,ఇమెయిల్ పంపుతోంది\U2026,กำลังส่งอีเมล,Ipinapadala ang email\U2026,,,,Đang gửi email\U2026,正在发送电子邮件\U2026,電郵傳送中\U2026,正在傳送電子郵件\U2026\U2026,
Sending your code\U2026,Stuur tans jou kode\U2026,جارٍ إرسال الرمز\U2026,,আপনার কোড পাঠানো হচ্ছে\U2026,,Posílání kódu\U2026,Sender din kode\U2026,Dein Code wird gesendet\U2026,Γίνεται αποστολή του κωδικού σας\U2026,Sending your code\U2026,Sending your code\U2026,Enviando tu código\U2026,Enviando tu código\U2026,Enviando tu código\U2026,,Lähetetään koodiasi\U2026,Envoi de votre code en cours\U2026,તમારો કોડ મોકલી રહ્યાં છીએ\U2026,שולח את הקוד שלך\U2026,आपका कोड भेजा जा रहा है\U2026,Slanje koda\U2026,A kód elküldése folyamatban van\U2026,Mengirimkan kode Anda\U2026,Invio del codice\U2026,コードを送信しています\U2026,,코드를 전송하는 중\U2026,നിങ്ങളുടെ കോഡ് അയയ്‌ക്കുന്നു\U2026,आपला कोड पाठवत आहे\U2026,Menghantar kod anda\U2026,Sender koden\U2026,Je code wordt verzenden\U2026,ਤੁਹਾਡਾ ਕੋਡ ਭੇਜ ਰਿਹਾ ਹੈ\U2026,,Enviando seu código\U2026,Se trimite codul tău\U2026,Выполняется отправка кода\U2026,Posiela sa vám kód\U2026,,Skickar din kod\U2026,உங்களுக்கான குறியீட்டை அனுப்புகிறது\U2026,మీ కోడ్‌ను పంపుతోంది\U2026,กำลังส่งรหัสถึงคุณ\U2026,Ipinapadala ang iyong code\U2026,,,,Đang gửi mã của bạn\U2026,发送代码\U2026,正在傳送您的代碼\U2026,正在發送確認碼\U2026,
Sending...,,جارٍ الإرسال...,,পাঠানো হচ্ছে...,S'està enviant...,Odesílání...,Sender...,Wird gesendet...,Αποστολή...,Sending...,Sending...,Enviando...,Enviando...,Enviando...,در حال ارسال...,Lähetetään...,Envoi en cours...,,שולח...,भेज रहे हैं...,Slanje...,Küldés folyamatban...,Mengirim...,Invio in corso...,送信中...,,보내는 중...,,,Menghantar...,Sender …,Versturen...,,Wysyłanie...,Enviando...,Se trimite...,Отправка...,Odosiela sa...,Слање...,Skickar …,,,กำลังส่ง...,Pinapadala...,Gönderiliyor...,Надсилається...,,Đang gửi...,正在发送…,,發送中…,Button title for in-progress event
Sent confirmation code,,تمّ إرسال رمز التأكيد,,নিশ্চিতকরণ কোড পাঠানো হয়েছে,S'ha enviat el codi de confirmació,Potvrzovací kód odeslán,Sendt bekræftelseskode,Bestätigungscode gesendet,Ο κωδικός επιβεβαίωσης εστάλη,Sent confirmation code,Sent confirmation code,Código de confirmación enviado,Código de confirmación enviado,Código de confirmación enviado,کد تأیید ارسال شد,Vahvistuskoodi lähetetty,Code de confirmation envoyé,,קוד האישור נשלח,पुष्टिकरण कोड भेजा गया,Pošalji potvrdni kod,Ellenőrzőkód elküldve,Kode konfirmasi yang dikirim,Codice di conferma inviato,認証コード送信済み,,인증 코드 보냄,,,Kod pengesahan dihantar,Sendte bekreftelseskode,Bevestigingscode verstuurd,,Wysłany kod potwierdzenia,Código de confirmação enviado,Cod de confirmare trimis,Код подтверждения отправлен,Potvrdzovací kód bol odoslaný,Послат је код за потврду,Bekräftelsekoden har skickats.,,,ส่งรหัสยืนยันแล้ว,Pinadala code sa pagkumpirma,Kod gönderildi,Код підтвердження надіслано,تصدیقی کوڈ بھیج دیا گیا,Đã gửi mã xác nhận,确认码已发送,已發送確認碼,已發送確認碼,Sent confirmation code button text
Sent!,Gestuur!,تم الإرسال!,,প্রেরিত:,,Odesláno!,Sendt!,Gesendet!,Στάλθηκε!,Sent!,Sent!,¡Enviado!,Enviado,Enviado,,Lähetettiin!,Envoyé!,મોકલ્યો!,נשלח!,भेजा दिया!,Poslano!,Elküldve!,Dikirim!,Invio riuscito!,送信されました,,보냈습니다!,അയച്ചു!,पाठविले!,Sudah dihantar!,Sendt.,Verzonden!,ਭੇਜਿਆ ਗਿਆ!,,Enviado!,Trimis!,Отправлено!,Odoslané!,,Skickat!,அனுப்பப்பட்டது!,పంపబడింది!,ส่งแล้ว!,Naipadala na!,,,,Đã gửi!,已发送！,已傳送！,已傳送！,
"Sorry, we are having trouble sending you a confirmation code.",,عذرًا، نواجه مشكلة في إرسال رمز التأكيد لك.,,"দুঃখিত, আপনাকে একটি নিশ্চিতকরণ কোড পাঠাতে আমাদের সমস্যা হচ্ছে।",Tenim problemes per enviar-te un codi de confirmació.,Nedaří se nám odeslat vám potvrzovací kód.,"Beklager, vi har problemer med at sende dig en bekræftelseskode.","Leider haben wir Schwierigkeiten, Dir einen Bestätigungscode zu senden.",Αντιμετωπίζουμε κάποιο πρόβλημα με την αποστολή κωδικού επιβεβαίωσης σε εσάς.,"Sorry, we are having trouble sending you a confirmation code.","Sorry, we are having trouble sending you a confirmation code.","Lo sentimos, tenemos problemas para enviarte un código de confirmación.","Lo sentimos, tenemos problemas para enviarte un código de confirmación.","Lo sentimos, tenemos problemas para enviarte un código de confirmación.",متأسفیم مشکلی در فرستادن رمز تأیید به شما وجود دارد.,Vahvistuskoodin lähettämisessä on nyt ongelmia.,"Désolé, nous rencontrons des difficultés à vous envoyer un code de confirmation.",,"מצטערים, נתקלנו בבעיה בשליחת קוד האישור.","क्षमा करें, हमें आपको एक पुष्टिकरण कोड भेजने में परेशानी हो रही है.","Nažalost, imamo problema sa slanjem potvrdnog koda.","Sajnáljuk, probléma merült fel az ellenőrzőkód elküldése során. ","Maaf, ada masalah saat kami mengirim kode konfirmasi.","Spiacenti, non riusciamo a inviarti un codice di conferma.",認証コードの送信に問題が発生しました。,,죄송합니다. 인증 코드를 전송하는 데 문제가 발생했습니다.,,,"Maaf, kami menghadapi masalah menghantar anda kod pengesahan.","Beklager, vi har problemer med å sende deg en bekreftelseskode.",We hebben helaas wat problemen met het versturen van de bevestigingscode.,,"Przykro nam, mamy problem z wysłaniem Ci kodu potwierdzającego.",Estamos com problemas para enviar um código de confirmação. ,"Ne pare rău, nu reușim să-ți trimitem un cod de confirmare.","К сожалению, нам не удалось отправить вам код подтверждения.","Ľutujeme, pri odosielaní potvrdzovacieho kódu sa vyskytol problém.","Жао нам је, имамо проблем са слањем  кода за потврду.",Vi har problem med att skicka dig en bekräftelsekod.,,,ขออภัย เราประสบปัญหาขณะส่งรหัสยืนยันถึงคุณ,"Pasensiya na, nagkakaproblema kaming ipadala sa iyo ang code ng pagkumpirma.","Üzgünüz, sana bir doğrulama kodu göndermede sorun yaşıyoruz.","На жаль, нам не вдалося надіслати вам код підтвердження.",معاف کیجیے گا، ہمیں آپ کو تصدیقی کوڈ بھیجنے میں مشکل پیش آ رہی ہے۔,"Xin lỗi, chúng tôi đang gặp rắc rối với việc gửi cho bạn mã xác nhận.",很抱歉，我们无法为你发送验证码。,抱歉，發送你的確認碼時發生錯誤。,抱歉，發送你的確認碼時發生錯誤。,Text explaining why we couldn't confirm a user's number
Start,Begin,بدء,,শুরু করুন,,Spustit,Start,Start,Έναρξη,Start,Start,Comenzar,Inicio,Inicio,,Alku,Démarrer,પ્રારંભ કરો,התחל,शुरू करें,Početak,Indítás,Mulai,Avvia,開始,,시작,തുടങ്ങുക,सुरू करा,Mula,Start,Starten,ਅਰੰਭ ਕਰੋ,,Iniciar,Începe,Старт,Štart,,Start,தொடங்கு,ప్రారంభించు,เริ่ม,Simulan,,,,Bắt đầu,开始,開始,開始,
Submit,Dien in,تقديم,,জমা দিন,,Odeslat,Indsend,Senden,Υποβολή,Submit,Submit,Enviar,Enviar,Enviar,,Lähetä,Soumettre,સબમિટ કરો,שלח,सबमिट करें,Pošalji,Küldés,Ajukan,Invia,送信,,제출,സമർപ്പിക്കുക,सादर करा,Hantar,Send inn,Verzenden,ਜਮਾ ਕਰੋ,,Enviar,Trimite,Отправить,Odoslať,,Skicka,சமர்ப்பி,సమర్పించు,ส่ง,Isumite,,,,Gửi,提交,送出,提交,
Taking you back to %1$@\U2026,Neem jou tans terug na %1$@\U2026,عودة إلى %1$@\U2026,,আপনাকে আবার %1$@ এ নিয়ে যাচ্ছে\U2026,,Přesměrování zpět na %1$@\U2026,Fører dig tilbage til %1$@\U2026,Du wirst weitergeleitet an %1$@\U2026,Επιστροφή στο %1$@\U2026,Taking you back to %1$@\U2026,Taking you back to %1$@\U2026,Se te está redirigiendo a %1$@\U2026,Se te está redirigiendo a %1$@\U2026,Se te está redirigiendo a %1$@\U2026,,Siirryt takaisin kohteeseen %1$@\U2026,Retour à %1$@\U2026,તમને %1$@ પર પાછા લઈ જઈ રહ્યાં છે\U2026,מחזירים אותך אל %1$@\U2026,आपको वापस %1$@ पर ले जाया जा रहा है\U2026,Vraćate se na %1$@\U2026,Visszalépés: %1$@\U2026,Mengembalikan Anda ke %1$@\U2026,Reindirizzamento a %1$@\U2026,%1$@に戻ります\U2026,,%1$@에 이동하는 중\U2026,നിങ്ങളെ %1$@ എന്നതിലേക്ക് തിരികെ കൊണ്ടുപോകുന്നു\U2026,आपल्‍याला पुन्‍हा %1$@ येथे नेत आहे\U2026,Mengembalikan anda ke %1$@\U2026,Sender deg tilbake til %1$@\U2026,Je wordt teruggeleid naar %1$@\U2026,ਤੁਹਾਨੂੰ %1$@ ਵਿੱਚ ਵਾਪਸ ਲੈ ਜਾ ਰਿਹਾ ਹੈ\U2026,,Levando você de volta para %1$@\U2026,Te aducem înapoi la %1$@\U2026,Возврат к %1$@\U2026,Prechádzate späť na %1$@\U2026,,Tar dig tillbaka till %1$@\U2026,%1$@ க்குத் திரும்பச்செல்கிறது\U2026,మిమ్మల్ని తిరిగి %1$@కి మళ్లిస్తోంది\U2026,กำลังนำคุณกลับไปที่ %1$@\U2026,Dadalhin ka muli pabalik sa %1$@\U2026,,,,Đưa bạn quay lại %1$@\U2026,即将回到 %1$@\U2026,正在返回 %1$@\U2026,正在將您帶回 %1$@\U2026,
This email is incorrect. Please try again.,Hierdie e-pos is verkeerd. Probeer asseblief weer.,عنوان البريد الإلكتروني غير صحيح. يرجى المحاولة مرة أخرى.,,এই ইমেলটি অবৈধ৷ অনুগ্রহ করে আবার চেষ্টা করুন৷,,Tento e-mail není správný. Zkuste to znovu.,E-mailen er ikke korrekt. Prøv igen.,Diese E-Mail-Adresse ist falsch. Versuche es erneut.,Αυτό το email δεν είναι σωστό. Προσπαθήστε ξανά.,This email is incorrect. Please try again.,This email is incorrect. Please try again.,La dirección de correo electrónico no es correcta. Vuelve a intentarlo.,La dirección de correo electrónico no es correcta. Vuelve a intentarlo.,La dirección de correo electrónico no es correcta. Vuelve a intentarlo.,,Sähköpostiosoite on virheellinen. Yritä uudelleen.,Cette adresse e-mail est incorrecte. Veuillez réessayer.,આ ઇમેઇલ ખોટું છે. કૃપા કરીને ફરી પ્રયાસ કરો.,"כתובת דוא\""ל זו שגויה. נסה שוב.",यह ईमेल गलत है. कृपया फिर से कोशिश करें.,Pogrešna adresa e-pošte. Pokušajte ponovno.,"Ez az e-mail cím helytelen. Kérjük, próbáld meg újra.",Email ini salah. Silakan coba lagi.,Questo indirizzo e-mail non è corretto. Riprova.,メールに誤りがあります。もう一度お試しください。,,올바른 이메일이 아닙니다. 다시 시도해보세요.,കൊടുത്തിരിക്കുന്ന ഇമെയിൽ തെറ്റാണ് വീണ്ടും ശ്രമിക്കുക.,हा ईमेल चुकीचा आहे. कृपया पुन्हा प्रयत्न करा.,E-mel ini tidak betul. Sila cuba lagi.,Denne e-posten er feil. Prøv på nytt.,Dit e-mailadres is onjuist. Probeer het opnieuw.,ਇਹ ਈਮੇਲ ਗਲਤ ਹੈ। ਕਿਰਪਾ ਕਰਕੇ ਦੁਬਾਰਾ ਕੋਸ਼ਿਸ਼ ਕਰੋ।,,Este email está incorreto. Tente novamente.,Acest e-mail nu este corect. Te rugăm să încerci din nou.,Неверный эл. адрес. Попробуйте еще раз.,Táto e-mailová adresa je nesprávna. Skúste znova.,,Den här e-postadressen är fel. Försök igen.,இந்த மின்னஞ்சல் தவறானது. மீண்டும் முயற்சிக்கவும்.,ఈ ఇమెయిల్ తప్పు. దయచేసి మళ్లీ ప్రయత్నించండి.,อีเมลนี้ไม่ถูกต้อง โปรดลองใหม่อีกครั้ง,Mali ang email na ito. Pakisubukang muli.,,,,Email này không chính xác. Vui lòng thử lại.,电子邮件不正确。请重试。,此電郵有誤。請稍後再試。,電子郵件地址有誤。請再試一次。,
Try a different number,,جرّب رقمًا مختلفًا,,অন্য একটি নম্বর দিয়ে চেষ্টা করুন,Prova-ho amb un altre número,Zkusit jiné číslo,Prøv et andet nummer,Versuche eine andere Telefonnummer,Δοκιμάστε ενα διαφορετικό αριθμό,Try a different number,Try a different number,Intenta con otro número,Intenta con otro número,Intenta con otro número,شماره دیگری را امتحان کنید,Kokeile toista numeroa,Essayer un autre numéro,,נסה מספר אחר,एक अलग नंबर आजमाएं,Pokušaj s drugim brojem,Próbálj meg egy másik telefonszámot,Coba nomor lain,Prova con un numero di telefono diverso,別の番号でお試しください,,다른 휴대폰 번호로 시도,,,Cuba nombor lain,Prøv et annet nummer,Probeer een ander nummer,,Wpisz inny numer telefonu,Tente um número diferente,Încearcă un alt număr,Попробуйте ввести другой номер телефона,Skúsiť iné číslo,Пробај други број,Pröva ett annat telefonnummer,,,ลองใช้หมายเลขโทรศัพท์อื่น,Subukan ang ibang numero,Farklı bir numara dene,Спробуйте інший номер телефону,ایک مختلف فون نمبر آزمائیں,Thử một số khác,请尝试使用其他手机号码,請試試不同的電話號碼,請試試不同的電話號碼,Button text for trying a different number
Try Again,Probeer weer,حاول مرة أخرى,,আবার চেষ্টা করুন,,Zkuste to znovu,Prøv igen,Erneut versuchen,Προσπαθήστε ξανά.,Try Again,Try Again,Volver a intentarlo,Intentar de nuevo,Intentar de nuevo,,Yritä uudelleen,Réessayer,ફરી પ્રયાસ કરો,נסה שוב,फिर से प्रयास करें,Pokušajte ponovno,Újra,Coba Lagi,Riprova,もう一度試す,,다시 시도,വീണ്ടും ശ്രമിക്കുക,पुन्‍हा प्रयत्‍न करा,Cuba Lagi,Prøv på nytt,Probeer het opnieuw,ਦੁਬਾਰਾ ਕੋਸ਼ਿਸ਼ ਕਰੋ,,Tente novamente,Încearcă din nou,Попробуйте еще раз,Skúsiť znova,,Försök igen,மீண்டும் முயற்சிக்கவும்,మళ్లీ ప్రయత్నించండి,ลองอีกครั้ง,Subukang Muli,,,,Thử lại,重试,再試一次,再試一次,
Unable to confirm your phone number,,لا يمكن تأكيد رقم هاتفك.,,আপনার ফোন নম্বর নিশ্চিত করা যায়নি,No es pot confirmar el número de telèfon,Vaše telefonní číslo se nám nepodařilo potvrdit.,Ikke i stand til at bekræfte dit telefonnummer,Wir konnten Deine Telefonnummer nicht bestätigen,Δεν ήταν δυνατή η επιβεβαίωση του αριθμού τηλεφώνου σας,Unable to confirm your phone number,Unable to confirm your phone number,No se puede confirmar tu número de teléfono,No se puede confirmar tu número de teléfono,No se puede confirmar tu número de teléfono,امکان تأیید شماره تلفن شما وجود ندارد,Puhelinnumeron vahvistaminen epäonnistui,Impossible de confirmer votre numéro de téléphone,,לא ניתן לאשר את מספר הטלפון שלך,आपके फ़ोन नंबर की पुष्टि करने में असमर्थ,Ne možemo potvrditi vaš telefonski broj,Telefonszámod megerősítése sikertelen,Tidak dapat mengonfirmasi nomor ponsel Anda,Impossibile confermare il tuo numero di telefono,電話番号を認証できません,,휴대폰 번호를 확인할 수 없음,,,Tidak dapat mengesahkan nombor telefon anda,Vi klarte ikke bekrefte telefonnummeret ditt,Je telefoonnummer kan niet worden bevestigd,,Nie udało nam się potwierdzić Twojego numeru telefonu.,Não foi possível verificar seu número de celular,Nu s-a putut confirma numărul tău de telefon,Не удалось подтвердить ваш номер телефона,Nepodarilo sa potvrdiť vaše telefónne číslo,Није могуће да потврдимо твој број телефона,Det gick inte att bekräfta ditt telefonnummer,,,ไม่สามารถยืนยันหมายเลขโทรศัพท์ของคุณได้,Hindi makumpirma ang numero ng telepono ninyo,Telefon numaran doğrulanamıyor,Не вдалося підтвердити ваш номер телефону,آپ کے فون نمبر کی تصدیق کرنے سے قاصر,Không thể xác nhận số điện thoại của bạn,无法确认你的手机号码,無法確認你的電話號碼,無法確認你的電話號碼,Large label when we couldn't confirm a user's number
Unable to send this number an SMS message.,,لايمكن إرسال رسالة نصّيّة قصيرة لهذا الرقم.,,এই নম্বরে একটি এস্এমএস বার্তা পাঠানো গেল না।,No es pot enviar un SMS al número.,Na toto číslo nelze poslat SMS.,Kunne ikke sende en sms-besked til dette nummer.,Wir konnten an diese Nummer keine SMS senden.,Δεν είναι δυνατή η αποστολή μηνύματος SMS σε αυτόν τον αριθμό.,Unable to send this number a text message.,Unable to send this number an SMS message.,No es posible enviar un SMS a este número.,No es posible enviar un SMS a este número.,No es posible enviar un SMS a este número.,ارسال پیامک به این شماره ممکن نیست.,Tekstiviestin lähettäminen tähän numeroon epäonnistui.,Impossible d'envoyer un SMS à ce numéro.,,לא ניתן לשלוח הודעת SMS למספר זה.,इस नंबर पर एस एम एस संदेश भेज पाने में असमर्थ.,Na ovaj broj nije moguće poslati SMS poruku.,Nem sikerült SMS-t küldeni erre a telefonszámra.,Tidak dapat mengirimkan pesan SMS ke nomor ini.,Impossibile inviare un SMS a questo numero.,この電話番号にSMSメッセージを送信できません。,,이 번호로 SMS 문자를 보낼 수 없습니다.,,,Tidak dapat menghantar mesej SMS kepada nombor ini.,Vi klarte ikke å sende en tekstmelding til dette nummeret.,Er kan geen sms worden verstuurd naar dit nummer.,,Nie udało się wysłać SMS-a na ten numer.,Não foi possível enviar um SMS a esse número.,Nu s-a putut trimite un mesaj SMS la acest număr.,Невозможно отправить SMS-сообщение на этот номер.,Nepodarilo sa odoslať SMS správu na toto číslo.,Овом броју није могуће послати СМС поруку.,Det gick inte att skicka ett SMS till detta nummer.,,,ไม่สามารถส่งข้อความ SMS ให้หมายเลขโทรศัพท์นี้ได้,Hindi makapagpadala ng mensaheng SMS sa numerong ito.,Bu numaraya kısa mesaj gönderilemiyor.,Не вдалося надіслати на цей номер SMS-повідомлення.,,không thể gửi một tin nhắn SMS đến số này.,无法给该号码发送短信。,無法傳送簡訊至此號碼。,無法傳送簡訊至此號碼。,
Use my phone number,,استخدام رقم هاتفي,,আমার ফোন নম্বর ব্যবহার করুন,Utilitza el número de telèfon,Použít moje telefonní číslo,Brug mit telefonnummer,Meine Telefonnummer verwenden,Χρήση του αριθμού τηλεφώνου μου,Use my phone number,Use my phone number,Usar mi número de teléfono,Usar mi número de teléfono,Usar mi número de teléfono,استفاده از شماره تلفن من,Käytä puhelinnumeroani,Utiliser mon numéro de téléphone,,השתמש במספר הטלפון שלי,मेरा फ़ोन नंबर उपयोग करें,Koristi moj telefonski broj,Használd a telefonszámomat,Gunakan nomor ponsel saya,Usa il mio numero di telefono,電話番号を使用する,,내 휴대폰 번호 사용,,,Gunakan nombor telefon saya,Bruk telefonnummeret mitt,Gebruik mijn telefoonnummer,,Użyj mojego numeru telefonu,Usar meu número de celular,Folosește numărul meu de telefon,Использовать мой номер телефона,Použiť moje telefónne číslo,Користи мој број телефона,Använd mitt telefonnummer,,,ใช้หมายเลขโทรศัพท์ของฉัน,Patunayan ang button label,Telefon numaramı kullan,Використовувати мій номер телефону,میرا فون نمبر استعمال کریں,Sử dụng số điện thoại của tôi,使用我的手机号码,使用我的電話號碼,使用我的電話號碼,Authenticate button label
Verification code,,رمز التوثيق,,,Codi de verificació,Ověřovací kód,Bekræftelseskode,Bestätigungscode,Κωδικός επαλήθευσης,Verification code,Verification code,,Código de verificación,Código de verificación,,Varmennuskoodi,Code de vérification,,קוד אימות,सत्यापन कोड,Kod za provjeru autentičnosti,Ellenőrzőkód,Kode verifikasi,Codice di verifica,認証コード,,인증 코드,,,Kod pengesahan,Verifiseringskode,Verificatiecode,,Kod weryfikacyjny,Código de verificação,Cod de verificare,Код проверки,Overovací kód,,Verifieringskod,,,รหัสการยืนยัน,,Doğrulama kodu,Код підтвердження,,Mã xác nhận,验证码,認證碼,認證碼,Hint text shown in verification code field
Verified,,مُوثّق,,,Verificat,Ověřeno,Verificeret,Verifiziert,Επαληθευμένος,Verified,Verified,,Verificado,Verificado,,Varmennettu,Certifié,,מאומת,सत्यापित,Provjeren,Ellenőrizve,Terverifikasi,Verificato,認証済み,,인증됨,,,Disahkan,Verifisert,Geverifieerd,,Zweryfikowany,Verificado,Verificat,Подлинные,Overený,,Verifierad,,,ตัวจริงเสียงจริง,,Onaylı,Підтверджено,,Đã xác nhận,已验证,已認證,已認證,Accessibility label for verified user icon
Verify phone,,تأكيد الهاتف,,,Verifica el telèfon,Ověření telefonu,Bekræft telefon,Telefonnummer bestätigen,Επαλήθευση τηλεφώνου,Verify phone,Verify phone,,Verificar teléfono,Verificar teléfono,,Varmenna puhelin,Vérifiez le téléphone,,אמת טלפון,फ़ोन सत्यापित करें,Potvrđivanje telefonskog broja,Telefonszám ellenőrzése,Verifikasi ponsel,Verifica il numero,電話番号の認証,,번호 인증,,,Sahkan telefon,Verifiser telefonen ,Verifieer telefoon,,Potwierdź telefon,Verificar celular,Verifică numărul de telefon,Проверить телефон,Overiť telefón,,Verifiera telefon.,,,ยืนยันหมายเลขโทรศัพท์,,Telefonu doğrula,Підтвердити номер телефону,,Xác nhận điện thoại,验证手机号码,認證電話號碼,認證電話號碼,Title of screen prompting user to verify their phone number
Verifying,,التحقّق,Проверява се,যাচাই করা হচ্ছে,S'està verificant,Ověřování,Bekræfter,Verifizierung läuft,Γίνεται επαλήθευση,Verifying,Verifying,Verificando,Verificando,Verificando,در حال تأیید‌سازی,Varmennetaan,Vérification,,אימות,सत्यापित हो रहा है,Provjera,Ellenőrzés,Memverifikasi,Verifica in corso,認証中,ಪರಿಶೀಲಿಸಲಾಗುತ್ತಿದೆ,인증 중,,सत्यापन करणे,Mengesahkan,Bekrefter,Verifiëren...,,Weryfikacja,Verificando,Se verifică,Идет проверка,Overuje sa,Верификовање,Verifierar,உறுதிசெய்கிறது,,การยืนยัน,Bineberipika,Onayla,Підтвердження,,Đang xác nhận,正在验证,認證,認證,Button title for verifying accont event
Verifying your code\U2026,Verifieer tans jou kode\U2026,جارٍ التحقق من الرمز\U2026,,আপনার কোড যাচাই করা হচ্ছে\U2026,,Ověřování kódu\U2026,Verificerer din kode\U2026,Dein Code wird verifiziert\U2026,Γίνεται επαλήθευση του κωδικού σας\U2026,Verifying your code\U2026,Verifying your code\U2026,Verificando tu código\U2026,Verificando tu código\U2026,Verificando tu código\U2026,,Vahvistetaan koodiasi\U2026,Vérification de votre code en cours\U2026,તમારો કોડ ચકાસી રહ્યાં છીએ\U2026,מאמת את הקוד שלך\U2026,आपका कोड सत्यापित किया जा रहा है\U2026,Potvrđivanje koda\U2026,A kód ellenőrzése\U2026,Memverifikasi kode Anda\U2026,Verifica del tuo codice\U2026,コードを認証しています\U2026,,코드를 인증하는 중\U2026,നിങ്ങളുടെ കോഡ് പരിശോധിച്ചുറപ്പിക്കുന്നു\U2026,आपल्‍या कोडची पडताळणी करत आहे\U2026,Mengesahkan kod anda\U2026,Bekrefter koden\U2026,Je code wordt geverifieerd\U2026,ਤੁਹਾਡੇ ਕੋਡ ਦੀ ਪੁਸ਼ਟੀ ਕਰ ਰਿਹਾ ਹੈ\U2026,,Verificando seu código\U2026,Verificăm codul tău\U2026,Выполняется проверка вашего кода\U2026,Overuje sa váš potvrdzovací kód\U2026,,Verifierar din kod\U2026,குறியீட்டைச் சரிபார்க்கிறது\U2026,మీ కోడ్‌ను ధృవీకరిస్తోంది\U2026,กำลังยืนยันรหัสของคุณ,Biniberipika ang iyong code\U2026,,,,Đang xác minh mã của bạn\U2026,正在验证你的代码\U2026,正在驗證您的代碼\U2026,正在驗證確認碼\U2026,
We couldn't verify your code.\nPlease try again:,Ons kon nie jou kode verifieer nie. Probeer asseblief weer:,تعذر علينا\ التحقق من رمزك. يرجى إعادة المحاولة:,,আমরা আপনার কোড যাচাই করতে পারি নি। অনুগ্রহ করে পুনরায় চেষ্টা করুন।,,Kód jsme nemohli ověřit.\nZkuste to znovu:,Koden blev ikke bekræftet. Prøv igen:,Wir konnten deinen Code nicht verifizieren.\nBitte versuche es erneut:,Δεν μπορέσαμε να\nεπαληθεύσουμε τον κωδικό σας.\nΠροσπαθήστε ξανά:,We couldn't verify your code.\nPlease try again:,We couldn't verify your code.\nPlease try again:,No hemos podido verificar tu código.\nInténtalo de nuevo:,No pudimos verificar tu código.\nVuelve a intentarlo:,No pudimos verificar tu código.\nVuelve a intentarlo:,,Koodin vahvistaminen epäonnistui. Yritä uudelleen:,Impossible de vérifier votre code.\nVeuillez réessayer :,અમે તમારો કોડ ચકાસી શક્યાં નથી. કૃપા કરીને ફરી પ્રયાસ કરો:,לא הצלחנו לאמת את הקוד.\nנסה שוב:,हम आपका कोड सत्यापित नहीं कर सके.\nकृपया फिर से कोशिश करें:,Nismo mogli potvrditi vaš kod. Unesite ga ponovno:,A kódot nem sikerült ellenőrizni.\nPróbáld meg újra:,Kami tidak dapat memverifikasi kode Anda.\nHarap coba lagi:,Non ci è stato possibile verificare il tuo codice.\nRiprova:,コードを確認できませんでした。\nもう一度実行してください。,,코드를 확인할 수 없습니다.\n다시 시도:,നിങ്ങളുടെ കോഡ് പരിശോധിച്ചുറപ്പിക്കാനായില്ല. വീണ്ടും ശ്രമിക്കുക:,आपल्‍या कोडची आम्‍ही पडताळणी करू शकलो नाही. कृपया पुन्हा प्रयत्न करा:,Kami tidak dapat mengesahkan kod anda. Sila cuba lagi:,Vi kunne ikke bekrefte koden din.\nPrøv på nytt:,We hebben je code niet kunnen verifiëren.\nProbeer het opnieuw:,ਅਸੀਂ ਤੁਹਾਡੇ ਕੋਡ ਦੀ ਪੁਸ਼ਟੀ ਨਹੀਂ ਕਰ ਸਕੇ। ਕਿਰਪਾ ਕਰਕੇ ਦੁਬਾਰਾ ਕੋਸ਼ਿਸ਼ ਕਰੋ:,,Não foi possível verificar seu código.\nTente novamente:,Nu a reușit verificarea codului.\nTe rugăm să încerci din nou:,Нам не удалось проверить ваш код.\nПопробуйте еще раз:,Váš kód sa nepodarilo overiť. Skúste to znova:,,Det gick inte att verifiera din kod.\nFörsök igen:,குறியீட்டைச் சரிபார்க்க முடியவில்லை. மீண்டும் முயற்சிக்கவும்:,మేము మీ కోడ్‌ను ధృవీకరించలేకపోయాము. దయచేసి మళ్లీ ప్రయత్నించండి:,เราไม่สามารถยืนยันรหัสของคุณ\nโปรดลองอีกครั้ง:,Hindi namin maberipika ang iyong code. Pakisubukang muli:,,,,Chúng tôi không thể xác minh mã của bạn.\nVui lòng thử lại:,我们无法验证你的代码。\n请重试：,我們無法驗證您的代碼，請重新輸入一次：,無法驗證代碼。請再試一次：,
We sent a code to \n%@.,,لقد أرسلنا الرمز \n%@.,,,T'hem enviat un codi a \n%@.,Odeslali jsme kód na: \n%@.,Vi har sendt en kode til \n%@.,Wir haben einen Code an \n%@ gesendet.,Στείλαμε έναν κωδικό στο \n%@.,We sent a code to \n%@.,We sent a code to \n%@.,,Hemos enviado un código a \n%@.,Hemos enviado un código a \n%@.,,Lähetimme koodin numeroon \n%@.,Nous avons envoyé un code au \n%@.,,שלחנו קוד ל-\n%@.,हमने यहां एक कोड भेजा है: \n%@.,Poslali smo kod na telefonski broj \n%@.,A kódot elküldtük a következőre: \n%@.,Kami telah mengirim kode ke \n%@.,Abbiamo inviato un codice al \n%@.,%@に\nコードを送信しました,,%@\n(으)로 코드를 보냈습니다.,,,Kami telah menghantar kod kepada \n%@.,Vi sendte en kode til \n%@.,We hebben een code gestuurd naar \n%@.,,Wysłaliśmy kod pod numer \n%@.,Enviamos um código para \n%@.,Am trimis un cod la \n%@.,Мы отправили проверочный код на \n%@.,Kód odošleme na číslo \n%@.,,Vi har skickat en kod till \n%@.,,,เราได้ส่งรหัสไปยัง \n%@,,Şu numaraya bir kod gönderdik: \n%@,Ми надіслали код на \n%@.,,Chúng tôi đã gửi mã đến \n%@.,我们已向\n%@发送了代码。,我們已發送認證碼至 \n%@。,我們已發送認證碼至 \n%@。,Title for the screen asking the user to verify their phone number
We sent a code to %@. Enter the code below to verify your phone number.,,أرسلنا رمزًا إلى %@. أدخل الرمز أدناه لتوثيق رقم هاتفك.,,,Hem enviat un codi a %@. Introdueix el codi avall perverificar el número de telèfon.,Na telefonní číslo %@ jsme poslali kód. Zadáním tohoto kódu do níže uvedeného pole ověřte svoje telefonní číslo.,Vi har sendt en kode til %@. Indtast koden nedenfor for at bekræfte dit telefonnummer.,"Wir haben einen Code an %@ gesendet. Gib den Code unten ein, um Deine Telefonnummer zu bestätigen.",Στείλαμε έναν κωδικό στο %@. Εισαγάγετε τον κωδικό παρακάτω για να επαληθεύσετε τον αριθμό τηλεφώνου σας.,We sent a code to %@. Enter the code below to verify your phone number.,We sent a code to %@. Enter the code below to verify your phone number.,,Hemos enviado un código a %@. Ingresa el código abajo para verificar tu número de teléfono.,Hemos enviado un código a %@. Ingresa el código abajo para verificar tu número de teléfono.,,Lähetimme koodin numeroon %@. Saatuasi koodin kirjoita se alle varmentaaksesi puhelinnumerosi.,Nous avons envoyé un code au %@. Entrez ce code ci-dessous pour vérifier votre numéro de téléphone.,,שלחנו קוד ל-%@. הזן את הקוד להלן כדי לאמת את מספר הטלפון שלך.,हमने %@ पर एक कोड भेजा है. अपने फ़ोन नंबर को सत्यापित करने के लिए कोड को निचे दर्ज करें.,Poslali smo kod na telefonski broj %@. Unesite kod u polje u nastavku da biste potvrdili svoj broj.,Elküldtünk egy kódot ide: %@. Telefonszámod ellenőrzéséhez add meg a kódot a lenti mezőben.,Kami telah mengirim kode ke %@. Masukkan kode di bawah untuk memverifikasi nomor ponsel Anda.,Abbiamo inviato un codice via SMS al numero %@. Immetti il codice sottostante per verificare il tuo numero di telefono.,%@にテキストメッセージを送信しました。以下にコードを入力し、電話番号の認証を行ってください。,,%@로 문자를 보냈습니다. 휴대폰 번호 인증을 위해 아래에 코드를 입력하세요.,,,Kami telah menghantar kod ke %@. Masukkan kod tersebut di bawah untuk mengesahkan nombor telefon anda.,Vi har sendt en kode via SMS til %@. Skriv inn koden under for å bekrefte telefonnummeret ditt.,We hebben een code verstuurd naar %@. Voer de code hieronder in om je telefoonnummer te verifiëren.,,"Wysłaliśmy kod pod numer %@. Wpisz go poniżej, by potwierdzić swój numer telefonu.",Enviamos um código para ‘%@’. Digite-o abaixo para confirmar seu número de celular.,Am trimis prin SMS un cod la %@. Introdu codul mai jos pentru a-ți verifica numărul de telefon.,"Мы отправили код на номер %@. Введите его в расположенное ниже поле, чтобы подтвердить свой телефонный номер.",Odoslali sme kód na číslo %@. Na overenie telefónneho čísla zadajte kód uvedený nižšie.,,Vi skickade en kod via till %@. Ange koden nedan för att verifiera ditt telefonnummer.,,,เราได้ส่งรหัสไปยัง %@ โปรดป้อนรหัสไว้ด้านล่างเพื่อยืนยันหมายเลขโทรศัพท์ของคุณ,,‘%@’ numaralı telefona bir kod gönderdik. Telefon numaranı doğrulamak için kodu aşağıya gir.,"Ми надіслали код на номер %@. Введіть код нижче, щоб підтвердити свій номер телефону.",,Chúng tôi đã gửi mã đến %@. Điền mã vào bên dưới để xác nhận số điện thoại của bạn.,我们已经向%@ 发送验证码。请在下面输入验证码以确认你的手机号码。,我們已將認證碼傳送到 %@。輸入下面的認證碼以認證你的電話號碼。,我們已將認證碼傳送到 %@。輸入下面的認證碼以認證你的電話號碼。,Label for the screen asking the user to verify their phone number
"We're sorry, something went wrong.","Ons is jammer, iets het verkeerd gegaan.",عذراً، حدث خطأ ما.,,"আমরা দুঃখিত, কিছু ত্রুটি ঘটেছে৷",,"Je nám líto, ale něco se nepovedlo.",Der gik desværre noget galt.,Leider ist etwas schiefgelaufen.,"Λυπούμαστε, παρουσιάστηκε κάποιο πρόβλημα.","We're sorry, something went wrong.","We're sorry, something went wrong.",Se ha producido un error.,Se produjo un error.,Se produjo un error.,,Valitettavasti tapahtui virhe.,"Désolés, une erreur s'est produite.","અમે ક્ષમાપ્રાર્થી છીએ, કંઈક ખોટું થયું.","אנחנו מצטערים, משהו השתבש.","हमें खेद है, कुछ गड़बड़ी हुई.","Nažalost, nešto nije u redu.",Sajnos hiba történt.,"Mohon maaf, ada masalah.","Spiacenti, si è verificato un errore.",エラーが発生しました。,,죄송합니다. 문제가 발생했습니다.,"ക്ഷമിക്കുക, എന്തോ പിശക് സംഭവിച്ചു.","आम्‍ही क्षमस्‍व आहोत, काहीतरी चूक झाली.","Kami mohon maaf, ada kesilapan berlaku.","Beklager, men det oppstod en feil.",Er is een fout opgetreden.,"'ਅਸੀਂ ਮੁਆਫ਼ੀ ਚਾਹੁੰਦੇ ਹਾਂ, ਕੁਝ ਗਲਤ ਹੋ ਗਿਆ।",,Ocorreu um erro.,"Ne pare rău, a apărut o problemă.","Извините, что-то пошло не так.","Ľutujeme, vyskytol sa nejaký problém.",,Ett fel har uppstått.,ஏதோ தவறாகிவிட்டது.,"మమ్మల్ని క్షమించండి, ఏదో తప్పు జరిగింది.",ขออภัย มีบางสิ่งผิดพลาด,"Humihingi kami ng paumanhin, nagkaroon ng problema.",,,,"Rất tiếc, đã xảy ra lỗi.",抱歉，出错了。,抱歉，發生問題。,抱歉，有些地方出錯了。,